WARNING: Using incubator modules: jdk.incubator.vector
Multi-warp MMA GEMM Benchmark
=============================
Shape: M=512 N=512 K=512   Warmup: 20   Iters: 30
Computing CPU reference...
Warming up...
#include <cuda_fp16.h>
extern "C" __global__ void gemmBaselineFp16(long long *_kernel_context, unsigned char *_constant_region, unsigned char *_local_region, int *_atomics, unsigned char *arg1, unsigned char *arg2, unsigned char *arg3, int arg4, int arg5, int arg6)
{
  unsigned long long ul_0, ul_1, ul_2, ul_57, ul_65, ul_152; 
  int i_5, i_6, i_7, i_8, i_9, i_10, i_11, i_12, i_13, i_14, i_15, i_16, i_17, i_18, i_19, i_20, i_21, i_22, i_23, i_24, i_25, i_26, i_27, i_28, i_29, i_30, i_31, i_32, i_33, i_34, i_35, i_36, i_37, i_38, i_42, i_43, i_44, i_45, i_46, i_47, i_48, i_49, i_51, i_52, i_53, i_59, i_60, i_61, i_147, i_148; 
  long long l_39, l_40, l_41, l_54, l_55, l_56, l_62, l_63, l_64, l_149, l_150, l_151; 
  float f_50, f_99, f_100, f_101, f_102, f_103, f_104, f_105, f_106, f_107, f_108, f_109, f_110, f_111, f_112, f_113, f_114, f_115, f_116, f_117, f_118, f_119, f_120, f_121, f_122, f_123, f_124, f_125, f_126, f_127, f_128, f_129, f_130, f_131, f_132, f_133, f_134, f_135, f_136, f_137, f_138, f_139, f_140, f_141, f_142, f_143, f_144, f_145, f_146; 
  __half half_58, half_66, half_67, half_68, half_69, half_70, half_71, half_72, half_73, half_74, half_75, half_76, half_77, half_78, half_79, half_80, half_81, half_82, half_83, half_84, half_85, half_86, half_87, half_88, half_89, half_90, half_91, half_92, half_93, half_94, half_95, half_96, half_97, half_98; 

  // BLOCK 0
  ul_0  =  (unsigned long long) arg1;
  ul_1  =  (unsigned long long) arg2;
  ul_2  =  (unsigned long long) arg3;
  __shared__ half half_3[256];
  __shared__ half half_4[256];
  i_5  =  (threadIdx.y);
  i_6  =  i_5 << 4;
  i_7  =  i_6 + 15;
  i_8  =  (threadIdx.x);
  i_9  =  i_8 + 240;
  i_10  =  i_6 + 14;
  i_11  =  i_8 + 224;
  i_12  =  i_6 + 13;
  i_13  =  i_8 + 208;
  i_14  =  i_6 + 12;
  i_15  =  i_8 + 192;
  i_16  =  i_6 + 11;
  i_17  =  i_8 + 176;
  i_18  =  i_6 + 10;
  i_19  =  i_8 + 160;
  i_20  =  i_6 + 9;
  i_21  =  i_8 + 144;
  i_22  =  i_6 + 8;
  i_23  =  i_8 + 128;
  i_24  =  i_6 + 7;
  i_25  =  i_8 + 112;
  i_26  =  i_6 + 6;
  i_27  =  i_8 + 96;
  i_28  =  i_6 + 5;
  i_29  =  i_8 + 80;
  i_30  =  i_6 + 4;
  i_31  =  i_8 + 64;
  i_32  =  i_6 + 3;
  i_33  =  i_8 + 48;
  i_34  =  i_6 + 2;
  i_35  =  i_8 + 32;
  i_36  =  i_6 + 1;
  i_37  =  i_8 + 16;
  i_38  =  i_6 + i_8;
  l_39  =  (long long) i_38;
  l_40  =  l_39 << 2;
  l_41  =  l_40 + 16L;
  i_42  =  (blockIdx.y);
  i_43  =  i_42 << 4;
  i_44  =  i_43 + i_5;
  i_45  =  (blockIdx.x);
  i_46  =  i_45 << 4;
  i_47  =  i_46 + i_8;
  i_48  =  i_47 << 9;
  i_49  =  i_48 + i_5;
  // BLOCK 1 MERGES [0 2 ]
  f_50  =  0.0F;
  i_51  =  0;
  for(;i_51 < 32;)
  {
    // BLOCK 2
    i_52  =  i_51 << 4;
    i_53  =  i_52 + i_49;
    l_54  =  (long long) i_53;
    l_55  =  l_54 + 8L;
    l_56  =  l_55 << 1;
    ul_57  =  ul_0 + l_56;
    half_58  =  *(( __half *) ul_57);
    half_3[i_38]  =  half_58;
    i_59  =  i_52 + i_8;
    i_60  =  i_59 << 9;
    i_61  =  i_44 + i_60;
    l_62  =  (long long) i_61;
    l_63  =  l_62 + 8L;
    l_64  =  l_63 << 1;
    ul_65  =  ul_1 + l_64;
    half_66  =  *(( __half *) ul_65);
    half_4[i_38]  =  half_66;
    __syncthreads();
    half_67  =  half_3[i_8];
    half_68  =  half_4[i_6];
    half_69  =  half_3[i_37];
    half_70  =  half_4[i_36];
    half_71  =  half_3[i_35];
    half_72  =  half_4[i_34];
    half_73  =  half_3[i_33];
    half_74  =  half_4[i_32];
    half_75  =  half_3[i_31];
    half_76  =  half_4[i_30];
    half_77  =  half_3[i_29];
    half_78  =  half_4[i_28];
    half_79  =  half_3[i_27];
    half_80  =  half_4[i_26];
    half_81  =  half_3[i_25];
    half_82  =  half_4[i_24];
    half_83  =  half_3[i_23];
    half_84  =  half_4[i_22];
    half_85  =  half_3[i_21];
    half_86  =  half_4[i_20];
    half_87  =  half_3[i_19];
    half_88  =  half_4[i_18];
    half_89  =  half_3[i_17];
    half_90  =  half_4[i_16];
    half_91  =  half_3[i_15];
    half_92  =  half_4[i_14];
    half_93  =  half_3[i_13];
    half_94  =  half_4[i_12];
    half_95  =  half_3[i_11];
    half_96  =  half_4[i_10];
    half_97  =  half_3[i_9];
    half_98  =  half_4[i_7];
    __syncthreads();
    f_99  =  __half2float(half_97);
    f_100  =  __half2float(half_98);
    f_101  =  __half2float(half_95);
    f_102  =  __half2float(half_96);
    f_103  =  __half2float(half_93);
    f_104  =  __half2float(half_94);
    f_105  =  __half2float(half_91);
    f_106  =  __half2float(half_92);
    f_107  =  __half2float(half_89);
    f_108  =  __half2float(half_90);
    f_109  =  __half2float(half_87);
    f_110  =  __half2float(half_88);
    f_111  =  __half2float(half_85);
    f_112  =  __half2float(half_86);
    f_113  =  __half2float(half_83);
    f_114  =  __half2float(half_84);
    f_115  =  __half2float(half_81);
    f_116  =  __half2float(half_82);
    f_117  =  __half2float(half_79);
    f_118  =  __half2float(half_80);
    f_119  =  __half2float(half_77);
    f_120  =  __half2float(half_78);
    f_121  =  __half2float(half_75);
    f_122  =  __half2float(half_76);
    f_123  =  __half2float(half_73);
    f_124  =  __half2float(half_74);
    f_125  =  __half2float(half_71);
    f_126  =  __half2float(half_72);
    f_127  =  __half2float(half_69);
    f_128  =  __half2float(half_70);
    f_129  =  __half2float(half_67);
    f_130  =  __half2float(half_68);
    f_131  =  fma(f_129, f_130, f_50);
    f_132  =  fma(f_127, f_128, f_131);
    f_133  =  fma(f_125, f_126, f_132);
    f_134  =  fma(f_123, f_124, f_133);
    f_135  =  fma(f_121, f_122, f_134);
    f_136  =  fma(f_119, f_120, f_135);
    f_137  =  fma(f_117, f_118, f_136);
    f_138  =  fma(f_115, f_116, f_137);
    f_139  =  fma(f_113, f_114, f_138);
    f_140  =  fma(f_111, f_112, f_139);
    f_141  =  fma(f_109, f_110, f_140);
    f_142  =  fma(f_107, f_108, f_141);
    f_143  =  fma(f_105, f_106, f_142);
    f_144  =  fma(f_103, f_104, f_143);
    f_145  =  fma(f_101, f_102, f_144);
    f_146  =  fma(f_99, f_100, f_145);
    i_147  =  i_51 + 1;
    f_50  =  f_146;
    i_51  =  i_147;
  }  // B1
  // BLOCK 3
  i_148  =  i_44 + i_48;
  l_149  =  (long long) i_148;
  l_150  =  l_149 + 4L;
  l_151  =  l_150 << 2;
  ul_152  =  ul_2 + l_151;
  *(( float *) ul_152)  =  f_50;
  return;
}  //  kernel

#include <cuda_fp16.h>
extern "C" __global__ void gemmMMA(long long *_kernel_context, unsigned char *_constant_region, unsigned char *_local_region, int *_atomics, unsigned char *arg1, unsigned char *arg2, unsigned char *arg3, int arg4, int arg5, int arg6)
{
  unsigned long long ul_0, ul_1, ul_2, ul_86, ul_92, ul_124, ul_130; 
  int i_21, i_22, i_23, i_24, i_25, i_26, i_27, i_28, i_29, i_30, i_31, i_32, i_33, i_34, i_35, i_36, i_37, i_38, i_39, i_40, i_41, i_42, i_43, i_44, i_45, i_46, i_47, i_48, i_49, i_50, i_51, i_52, i_69, i_70, i_71, i_72, i_73, i_74, i_75, i_76, i_77, i_78, i_79, i_80, i_81, i_82, i_88, i_94, i_95, i_102, i_103, i_104, i_105, i_106, i_107, i_108, i_109, i_110, i_111, i_112, i_113, i_114, i_115, i_116, i_117, i_118, i_119, i_120, i_126, i_138, i_165, i_166, i_167, i_168, i_169, i_170, i_171, i_172, i_173, i_174, i_175, i_176, i_177; 
  long long l_83, l_84, l_85, l_89, l_90, l_91, l_121, l_122, l_123, l_127, l_128, l_129; 
  __half half_87, half_93, half_125, half_131; 
  unsigned int ui_96, ui_97, ui_98, ui_99, ui_100, ui_101, ui_132, ui_133, ui_134, ui_135, ui_136, ui_137; 
  float ul_53[4];
  float ul_54[4];
  float ul_55[4];
  float ul_56[4];
  float ul_57[4];
  float ul_58[4];
  float ul_59[4];
  float ul_60[4];
  float ul_61[4];
  float ul_62[4];
  float ul_63[4];
  float ul_64[4];
  float ul_65[4];
  float ul_66[4];
  float ul_67[4];
  float ul_68[4];

  // BLOCK 0
  ul_0  =  (unsigned long long) arg1;
  ul_1  =  (unsigned long long) arg2;
  ul_2  =  (unsigned long long) arg3;
  __shared__ int adi_3[1024];
  __shared__ int adi_4[1024];
  float mma_acc_f_5[4];
  mma_acc_f_5[0] = 0.0F;
  mma_acc_f_5[1] = 0.0F;
  mma_acc_f_5[2] = 0.0F;
  mma_acc_f_5[3] = 0.0F;
  float mma_acc_f_6[4];
  mma_acc_f_6[0] = 0.0F;
  mma_acc_f_6[1] = 0.0F;
  mma_acc_f_6[2] = 0.0F;
  mma_acc_f_6[3] = 0.0F;
  float mma_acc_f_7[4];
  mma_acc_f_7[0] = 0.0F;
  mma_acc_f_7[1] = 0.0F;
  mma_acc_f_7[2] = 0.0F;
  mma_acc_f_7[3] = 0.0F;
  float mma_acc_f_8[4];
  mma_acc_f_8[0] = 0.0F;
  mma_acc_f_8[1] = 0.0F;
  mma_acc_f_8[2] = 0.0F;
  mma_acc_f_8[3] = 0.0F;
  float mma_acc_f_9[4];
  mma_acc_f_9[0] = 0.0F;
  mma_acc_f_9[1] = 0.0F;
  mma_acc_f_9[2] = 0.0F;
  mma_acc_f_9[3] = 0.0F;
  float mma_acc_f_10[4];
  mma_acc_f_10[0] = 0.0F;
  mma_acc_f_10[1] = 0.0F;
  mma_acc_f_10[2] = 0.0F;
  mma_acc_f_10[3] = 0.0F;
  float mma_acc_f_11[4];
  mma_acc_f_11[0] = 0.0F;
  mma_acc_f_11[1] = 0.0F;
  mma_acc_f_11[2] = 0.0F;
  mma_acc_f_11[3] = 0.0F;
  float mma_acc_f_12[4];
  mma_acc_f_12[0] = 0.0F;
  mma_acc_f_12[1] = 0.0F;
  mma_acc_f_12[2] = 0.0F;
  mma_acc_f_12[3] = 0.0F;
  float mma_acc_f_13[4];
  mma_acc_f_13[0] = 0.0F;
  mma_acc_f_13[1] = 0.0F;
  mma_acc_f_13[2] = 0.0F;
  mma_acc_f_13[3] = 0.0F;
  float mma_acc_f_14[4];
  mma_acc_f_14[0] = 0.0F;
  mma_acc_f_14[1] = 0.0F;
  mma_acc_f_14[2] = 0.0F;
  mma_acc_f_14[3] = 0.0F;
  float mma_acc_f_15[4];
  mma_acc_f_15[0] = 0.0F;
  mma_acc_f_15[1] = 0.0F;
  mma_acc_f_15[2] = 0.0F;
  mma_acc_f_15[3] = 0.0F;
  float mma_acc_f_16[4];
  mma_acc_f_16[0] = 0.0F;
  mma_acc_f_16[1] = 0.0F;
  mma_acc_f_16[2] = 0.0F;
  mma_acc_f_16[3] = 0.0F;
  float mma_acc_f_17[4];
  mma_acc_f_17[0] = 0.0F;
  mma_acc_f_17[1] = 0.0F;
  mma_acc_f_17[2] = 0.0F;
  mma_acc_f_17[3] = 0.0F;
  float mma_acc_f_18[4];
  mma_acc_f_18[0] = 0.0F;
  mma_acc_f_18[1] = 0.0F;
  mma_acc_f_18[2] = 0.0F;
  mma_acc_f_18[3] = 0.0F;
  float mma_acc_f_19[4];
  mma_acc_f_19[0] = 0.0F;
  mma_acc_f_19[1] = 0.0F;
  mma_acc_f_19[2] = 0.0F;
  mma_acc_f_19[3] = 0.0F;
  float mma_acc_f_20[4];
  mma_acc_f_20[0] = 0.0F;
  mma_acc_f_20[1] = 0.0F;
  mma_acc_f_20[2] = 0.0F;
  mma_acc_f_20[3] = 0.0F;
  i_21  =  (threadIdx.x);
  i_22  =  i_21 >> 31;
  i_23  =  i_22 >> 27;
  i_24  =  i_23 + i_21;
  i_25  =  i_24 >> 5;
  i_26  =  i_25 % 2;
  i_27  =  i_26 << 3;
  i_28  =  i_27 + 7;
  i_29  =  i_28 << 8;
  i_30  =  i_27 + 6;
  i_31  =  i_30 << 8;
  i_32  =  i_27 + 5;
  i_33  =  i_32 << 8;
  i_34  =  i_27 + 4;
  i_35  =  i_34 << 8;
  i_36  =  i_27 + 3;
  i_37  =  i_36 << 8;
  i_38  =  i_27 + 2;
  i_39  =  i_38 << 8;
  i_40  =  i_27 + 1;
  i_41  =  i_40 << 8;
  i_42  =  i_26 << 11;
  i_43  =  i_24 >> 31;
  i_44  =  i_43 + i_25;
  i_45  =  i_44 >> 1;
  i_46  =  i_45 << 10;
  i_47  =  i_46 + 512;
  i_48  =  (blockIdx.y);
  i_49  =  i_48 << 7;
  i_50  =  i_49 + 1;
  i_51  =  (blockIdx.x);
  i_52  =  i_51 << 7;
  // BLOCK 1 MERGES [0 8 ]
  ul_53[0]  =  mma_acc_f_5[0];
  ul_53[1]  =  mma_acc_f_5[1];
  ul_53[2]  =  mma_acc_f_5[2];
  ul_53[3]  =  mma_acc_f_5[3];
  ul_54[0]  =  mma_acc_f_6[0];
  ul_54[1]  =  mma_acc_f_6[1];
  ul_54[2]  =  mma_acc_f_6[2];
  ul_54[3]  =  mma_acc_f_6[3];
  ul_55[0]  =  mma_acc_f_7[0];
  ul_55[1]  =  mma_acc_f_7[1];
  ul_55[2]  =  mma_acc_f_7[2];
  ul_55[3]  =  mma_acc_f_7[3];
  ul_56[0]  =  mma_acc_f_8[0];
  ul_56[1]  =  mma_acc_f_8[1];
  ul_56[2]  =  mma_acc_f_8[2];
  ul_56[3]  =  mma_acc_f_8[3];
  ul_57[0]  =  mma_acc_f_9[0];
  ul_57[1]  =  mma_acc_f_9[1];
  ul_57[2]  =  mma_acc_f_9[2];
  ul_57[3]  =  mma_acc_f_9[3];
  ul_58[0]  =  mma_acc_f_10[0];
  ul_58[1]  =  mma_acc_f_10[1];
  ul_58[2]  =  mma_acc_f_10[2];
  ul_58[3]  =  mma_acc_f_10[3];
  ul_59[0]  =  mma_acc_f_11[0];
  ul_59[1]  =  mma_acc_f_11[1];
  ul_59[2]  =  mma_acc_f_11[2];
  ul_59[3]  =  mma_acc_f_11[3];
  ul_60[0]  =  mma_acc_f_12[0];
  ul_60[1]  =  mma_acc_f_12[1];
  ul_60[2]  =  mma_acc_f_12[2];
  ul_60[3]  =  mma_acc_f_12[3];
  ul_61[0]  =  mma_acc_f_13[0];
  ul_61[1]  =  mma_acc_f_13[1];
  ul_61[2]  =  mma_acc_f_13[2];
  ul_61[3]  =  mma_acc_f_13[3];
  ul_62[0]  =  mma_acc_f_14[0];
  ul_62[1]  =  mma_acc_f_14[1];
  ul_62[2]  =  mma_acc_f_14[2];
  ul_62[3]  =  mma_acc_f_14[3];
  ul_63[0]  =  mma_acc_f_15[0];
  ul_63[1]  =  mma_acc_f_15[1];
  ul_63[2]  =  mma_acc_f_15[2];
  ul_63[3]  =  mma_acc_f_15[3];
  ul_64[0]  =  mma_acc_f_16[0];
  ul_64[1]  =  mma_acc_f_16[1];
  ul_64[2]  =  mma_acc_f_16[2];
  ul_64[3]  =  mma_acc_f_16[3];
  ul_65[0]  =  mma_acc_f_17[0];
  ul_65[1]  =  mma_acc_f_17[1];
  ul_65[2]  =  mma_acc_f_17[2];
  ul_65[3]  =  mma_acc_f_17[3];
  ul_66[0]  =  mma_acc_f_18[0];
  ul_66[1]  =  mma_acc_f_18[1];
  ul_66[2]  =  mma_acc_f_18[2];
  ul_66[3]  =  mma_acc_f_18[3];
  ul_67[0]  =  mma_acc_f_19[0];
  ul_67[1]  =  mma_acc_f_19[1];
  ul_67[2]  =  mma_acc_f_19[2];
  ul_67[3]  =  mma_acc_f_19[3];
  ul_68[0]  =  mma_acc_f_20[0];
  ul_68[1]  =  mma_acc_f_20[1];
  ul_68[2]  =  mma_acc_f_20[2];
  ul_68[3]  =  mma_acc_f_20[3];
  i_69  =  0;
  for(;i_69 < 32;)
  {
    // BLOCK 2
    i_70  =  i_69 << 4;
    i_71  =  i_70 + 1;
    // BLOCK 3 MERGES [2 4 ]
    i_72  =  i_21;
    for(;i_72 < 1024;)
    {
      // BLOCK 4
      i_73  =  i_72 % 8;
      i_74  =  i_73 << 1;
      i_75  =  i_72 >> 31;
      i_76  =  i_75 >> 29;
      i_77  =  i_76 + i_72;
      i_78  =  i_77 >> 3;
      i_79  =  i_78 + i_52;
      i_80  =  i_79 << 9;
      i_81  =  i_74 + i_80;
      i_82  =  i_81 + i_70;
      l_83  =  (long long) i_82;
      l_84  =  l_83 + 8L;
      l_85  =  l_84 << 1;
      ul_86  =  ul_0 + l_85;
      half_87  =  *(( __half *) ul_86);
      i_88  =  i_71 + i_81;
      l_89  =  (long long) i_88;
      l_90  =  l_89 + 8L;
      l_91  =  l_90 << 1;
      ul_92  =  ul_0 + l_91;
      half_93  =  *(( __half *) ul_92);
      i_94  =  i_77 & -8;
      i_95  =  i_94 + i_73;
      ui_96 = (unsigned) __half_as_ushort(half_87);
      ui_97  =  ui_96 & 65535;
      ui_98 = (unsigned) __half_as_ushort(half_93);
      ui_99  =  ui_98 & 65535;
      ui_100  =  ui_99 << 16;
      ui_101  =  ui_97 | ui_100;
      adi_3[i_95]  =  ui_101;
      i_102  =  i_72 + 256;
      i_72  =  i_102;
    }  // B3
    // BLOCK 5
    // BLOCK 6 MERGES [5 7 ]
    i_103  =  i_21;
    for(;i_103 < 1024;)
    {
      // BLOCK 7
      i_104  =  i_103 % 64;
      i_105  =  i_104 % 4;
      i_106  =  i_105 << 1;
      i_107  =  i_103 >> 31;
      i_108  =  i_107 >> 26;
      i_109  =  i_108 + i_103;
      i_110  =  i_109 >> 6;
      i_111  =  i_110 << 3;
      i_112  =  i_106 + i_111;
      i_113  =  i_104 >> 31;
      i_114  =  i_113 >> 30;
      i_115  =  i_114 + i_104;
      i_116  =  i_115 >> 2;
      i_117  =  i_116 + i_70;
      i_118  =  i_117 << 9;
      i_119  =  i_112 + i_118;
      i_120  =  i_119 + i_49;
      l_121  =  (long long) i_120;
      l_122  =  l_121 + 8L;
      l_123  =  l_122 << 1;
      ul_124  =  ul_1 + l_123;
      half_125  =  *(( __half *) ul_124);
      i_126  =  i_50 + i_119;
      l_127  =  (long long) i_126;
      l_128  =  l_127 + 8L;
      l_129  =  l_128 << 1;
      ul_130  =  ul_1 + l_129;
      half_131  =  *(( __half *) ul_130);
      ui_132 = (unsigned) __half_as_ushort(half_125);
      ui_133  =  ui_132 & 65535;
      ui_134 = (unsigned) __half_as_ushort(half_131);
      ui_135  =  ui_134 & 65535;
      ui_136  =  ui_135 << 16;
      ui_137  =  ui_133 | ui_136;
      adi_4[i_103]  =  ui_137;
      i_138  =  i_103 + 256;
      i_103  =  i_138;
    }  // B6
    // BLOCK 8
    __syncthreads();
    unsigned mma_a_h_139[4];
    {
      unsigned __lane = threadIdx.x & 31u;
      unsigned __rit  = __lane & 7u;
      unsigned __grp  = __lane >> 3;
      unsigned __bo;
      unsigned __row = ((__grp & 1u) << 3) + __rit;
      unsigned __col = (__grp >> 1) << 4;
      __bo = (__row << 5) + __col;
      __bo += i_46;
      unsigned __smem;
      asm volatile("{ .reg .u64 u; cvta.to.shared.u64 u, %1; cvt.u32.u64 %0, u; }" : "=r"(__smem) : "l"((const char *) adi_3 + __bo));
      asm volatile("ldmatrix.sync.aligned.m8n8.x4.shared.b16 {%0,%1,%2,%3}, [%4];" : "=r"(mma_a_h_139[0]), "=r"(mma_a_h_139[1]), "=r"(mma_a_h_139[2]), "=r"(mma_a_h_139[3]) : "r"(__smem));
    }
    unsigned mma_a_h_140[4];
    {
      unsigned __lane = threadIdx.x & 31u;
      unsigned __rit  = __lane & 7u;
      unsigned __grp  = __lane >> 3;
      unsigned __bo;
      unsigned __row = ((__grp & 1u) << 3) + __rit;
      unsigned __col = (__grp >> 1) << 4;
      __bo = (__row << 5) + __col;
      __bo += i_47;
      unsigned __smem;
      asm volatile("{ .reg .u64 u; cvta.to.shared.u64 u, %1; cvt.u32.u64 %0, u; }" : "=r"(__smem) : "l"((const char *) adi_3 + __bo));
      asm volatile("ldmatrix.sync.aligned.m8n8.x4.shared.b16 {%0,%1,%2,%3}, [%4];" : "=r"(mma_a_h_140[0]), "=r"(mma_a_h_140[1]), "=r"(mma_a_h_140[2]), "=r"(mma_a_h_140[3]) : "r"(__smem));
    }
    unsigned mma_b_h_141[2];
    {
      unsigned __lane = threadIdx.x & 31u;
      unsigned __rit  = __lane & 7u;
      unsigned __grp  = __lane >> 3;
      unsigned __bo;
      unsigned __col = (__grp & 1u) << 7;
      __bo = (__rit << 4) + __col;
      __bo += i_42;
      unsigned __smem;
      asm volatile("{ .reg .u64 u; cvta.to.shared.u64 u, %1; cvt.u32.u64 %0, u; }" : "=r"(__smem) : "l"((const char *) adi_4 + __bo));
      asm volatile("ldmatrix.sync.aligned.m8n8.x2.trans.shared.b16 {%0,%1}, [%2];" : "=r"(mma_b_h_141[0]), "=r"(mma_b_h_141[1]) : "r"(__smem));
    }
    unsigned mma_b_h_142[2];
    {
      unsigned __lane = threadIdx.x & 31u;
      unsigned __rit  = __lane & 7u;
      unsigned __grp  = __lane >> 3;
      unsigned __bo;
      unsigned __col = (__grp & 1u) << 7;
      __bo = (__rit << 4) + __col;
      __bo += i_41;
      unsigned __smem;
      asm volatile("{ .reg .u64 u; cvta.to.shared.u64 u, %1; cvt.u32.u64 %0, u; }" : "=r"(__smem) : "l"((const char *) adi_4 + __bo));
      asm volatile("ldmatrix.sync.aligned.m8n8.x2.trans.shared.b16 {%0,%1}, [%2];" : "=r"(mma_b_h_142[0]), "=r"(mma_b_h_142[1]) : "r"(__smem));
    }
    unsigned mma_b_h_143[2];
    {
      unsigned __lane = threadIdx.x & 31u;
      unsigned __rit  = __lane & 7u;
      unsigned __grp  = __lane >> 3;
      unsigned __bo;
      unsigned __col = (__grp & 1u) << 7;
      __bo = (__rit << 4) + __col;
      __bo += i_39;
      unsigned __smem;
      asm volatile("{ .reg .u64 u; cvta.to.shared.u64 u, %1; cvt.u32.u64 %0, u; }" : "=r"(__smem) : "l"((const char *) adi_4 + __bo));
      asm volatile("ldmatrix.sync.aligned.m8n8.x2.trans.shared.b16 {%0,%1}, [%2];" : "=r"(mma_b_h_143[0]), "=r"(mma_b_h_143[1]) : "r"(__smem));
    }
    unsigned mma_b_h_144[2];
    {
      unsigned __lane = threadIdx.x & 31u;
      unsigned __rit  = __lane & 7u;
      unsigned __grp  = __lane >> 3;
      unsigned __bo;
      unsigned __col = (__grp & 1u) << 7;
      __bo = (__rit << 4) + __col;
      __bo += i_37;
      unsigned __smem;
      asm volatile("{ .reg .u64 u; cvta.to.shared.u64 u, %1; cvt.u32.u64 %0, u; }" : "=r"(__smem) : "l"((const char *) adi_4 + __bo));
      asm volatile("ldmatrix.sync.aligned.m8n8.x2.trans.shared.b16 {%0,%1}, [%2];" : "=r"(mma_b_h_144[0]), "=r"(mma_b_h_144[1]) : "r"(__smem));
    }
    unsigned mma_b_h_145[2];
    {
      unsigned __lane = threadIdx.x & 31u;
      unsigned __rit  = __lane & 7u;
      unsigned __grp  = __lane >> 3;
      unsigned __bo;
      unsigned __col = (__grp & 1u) << 7;
      __bo = (__rit << 4) + __col;
      __bo += i_35;
      unsigned __smem;
      asm volatile("{ .reg .u64 u; cvta.to.shared.u64 u, %1; cvt.u32.u64 %0, u; }" : "=r"(__smem) : "l"((const char *) adi_4 + __bo));
      asm volatile("ldmatrix.sync.aligned.m8n8.x2.trans.shared.b16 {%0,%1}, [%2];" : "=r"(mma_b_h_145[0]), "=r"(mma_b_h_145[1]) : "r"(__smem));
    }
    unsigned mma_b_h_146[2];
    {
      unsigned __lane = threadIdx.x & 31u;
      unsigned __rit  = __lane & 7u;
      unsigned __grp  = __lane >> 3;
      unsigned __bo;
      unsigned __col = (__grp & 1u) << 7;
      __bo = (__rit << 4) + __col;
      __bo += i_33;
      unsigned __smem;
      asm volatile("{ .reg .u64 u; cvta.to.shared.u64 u, %1; cvt.u32.u64 %0, u; }" : "=r"(__smem) : "l"((const char *) adi_4 + __bo));
      asm volatile("ldmatrix.sync.aligned.m8n8.x2.trans.shared.b16 {%0,%1}, [%2];" : "=r"(mma_b_h_146[0]), "=r"(mma_b_h_146[1]) : "r"(__smem));
    }
    unsigned mma_b_h_147[2];
    {
      unsigned __lane = threadIdx.x & 31u;
      unsigned __rit  = __lane & 7u;
      unsigned __grp  = __lane >> 3;
      unsigned __bo;
      unsigned __col = (__grp & 1u) << 7;
      __bo = (__rit << 4) + __col;
      __bo += i_31;
      unsigned __smem;
      asm volatile("{ .reg .u64 u; cvta.to.shared.u64 u, %1; cvt.u32.u64 %0, u; }" : "=r"(__smem) : "l"((const char *) adi_4 + __bo));
      asm volatile("ldmatrix.sync.aligned.m8n8.x2.trans.shared.b16 {%0,%1}, [%2];" : "=r"(mma_b_h_147[0]), "=r"(mma_b_h_147[1]) : "r"(__smem));
    }
    unsigned mma_b_h_148[2];
    {
      unsigned __lane = threadIdx.x & 31u;
      unsigned __rit  = __lane & 7u;
      unsigned __grp  = __lane >> 3;
      unsigned __bo;
      unsigned __col = (__grp & 1u) << 7;
      __bo = (__rit << 4) + __col;
      __bo += i_29;
      unsigned __smem;
      asm volatile("{ .reg .u64 u; cvta.to.shared.u64 u, %1; cvt.u32.u64 %0, u; }" : "=r"(__smem) : "l"((const char *) adi_4 + __bo));
      asm volatile("ldmatrix.sync.aligned.m8n8.x2.trans.shared.b16 {%0,%1}, [%2];" : "=r"(mma_b_h_148[0]), "=r"(mma_b_h_148[1]) : "r"(__smem));
    }
    float mma_acc_f_149[4];
    asm volatile("mma.sync.aligned.m16n8k16.row.col.f32.f16.f16.f32 {%0,%1,%2,%3}, {%4,%5,%6,%7}, {%8,%9}, {%10,%11,%12,%13};" : "=f"(mma_acc_f_149[0]), "=f"(mma_acc_f_149[1]), "=f"(mma_acc_f_149[2]), "=f"(mma_acc_f_149[3]) : "r"(mma_a_h_139[0]), "r"(mma_a_h_139[1]), "r"(mma_a_h_139[2]), "r"(mma_a_h_139[3]), "r"(mma_b_h_141[0]), "r"(mma_b_h_141[1]), "f"(ul_53[0]), "f"(ul_53[1]), "f"(ul_53[2]), "f"(ul_53[3]));
    float mma_acc_f_150[4];
    asm volatile("mma.sync.aligned.m16n8k16.row.col.f32.f16.f16.f32 {%0,%1,%2,%3}, {%4,%5,%6,%7}, {%8,%9}, {%10,%11,%12,%13};" : "=f"(mma_acc_f_150[0]), "=f"(mma_acc_f_150[1]), "=f"(mma_acc_f_150[2]), "=f"(mma_acc_f_150[3]) : "r"(mma_a_h_139[0]), "r"(mma_a_h_139[1]), "r"(mma_a_h_139[2]), "r"(mma_a_h_139[3]), "r"(mma_b_h_142[0]), "r"(mma_b_h_142[1]), "f"(ul_54[0]), "f"(ul_54[1]), "f"(ul_54[2]), "f"(ul_54[3]));
    float mma_acc_f_151[4];
    asm volatile("mma.sync.aligned.m16n8k16.row.col.f32.f16.f16.f32 {%0,%1,%2,%3}, {%4,%5,%6,%7}, {%8,%9}, {%10,%11,%12,%13};" : "=f"(mma_acc_f_151[0]), "=f"(mma_acc_f_151[1]), "=f"(mma_acc_f_151[2]), "=f"(mma_acc_f_151[3]) : "r"(mma_a_h_139[0]), "r"(mma_a_h_139[1]), "r"(mma_a_h_139[2]), "r"(mma_a_h_139[3]), "r"(mma_b_h_143[0]), "r"(mma_b_h_143[1]), "f"(ul_55[0]), "f"(ul_55[1]), "f"(ul_55[2]), "f"(ul_55[3]));
    float mma_acc_f_152[4];
    asm volatile("mma.sync.aligned.m16n8k16.row.col.f32.f16.f16.f32 {%0,%1,%2,%3}, {%4,%5,%6,%7}, {%8,%9}, {%10,%11,%12,%13};" : "=f"(mma_acc_f_152[0]), "=f"(mma_acc_f_152[1]), "=f"(mma_acc_f_152[2]), "=f"(mma_acc_f_152[3]) : "r"(mma_a_h_139[0]), "r"(mma_a_h_139[1]), "r"(mma_a_h_139[2]), "r"(mma_a_h_139[3]), "r"(mma_b_h_144[0]), "r"(mma_b_h_144[1]), "f"(ul_56[0]), "f"(ul_56[1]), "f"(ul_56[2]), "f"(ul_56[3]));
    float mma_acc_f_153[4];
    asm volatile("mma.sync.aligned.m16n8k16.row.col.f32.f16.f16.f32 {%0,%1,%2,%3}, {%4,%5,%6,%7}, {%8,%9}, {%10,%11,%12,%13};" : "=f"(mma_acc_f_153[0]), "=f"(mma_acc_f_153[1]), "=f"(mma_acc_f_153[2]), "=f"(mma_acc_f_153[3]) : "r"(mma_a_h_139[0]), "r"(mma_a_h_139[1]), "r"(mma_a_h_139[2]), "r"(mma_a_h_139[3]), "r"(mma_b_h_145[0]), "r"(mma_b_h_145[1]), "f"(ul_57[0]), "f"(ul_57[1]), "f"(ul_57[2]), "f"(ul_57[3]));
    float mma_acc_f_154[4];
    asm volatile("mma.sync.aligned.m16n8k16.row.col.f32.f16.f16.f32 {%0,%1,%2,%3}, {%4,%5,%6,%7}, {%8,%9}, {%10,%11,%12,%13};" : "=f"(mma_acc_f_154[0]), "=f"(mma_acc_f_154[1]), "=f"(mma_acc_f_154[2]), "=f"(mma_acc_f_154[3]) : "r"(mma_a_h_139[0]), "r"(mma_a_h_139[1]), "r"(mma_a_h_139[2]), "r"(mma_a_h_139[3]), "r"(mma_b_h_146[0]), "r"(mma_b_h_146[1]), "f"(ul_58[0]), "f"(ul_58[1]), "f"(ul_58[2]), "f"(ul_58[3]));
    float mma_acc_f_155[4];
    asm volatile("mma.sync.aligned.m16n8k16.row.col.f32.f16.f16.f32 {%0,%1,%2,%3}, {%4,%5,%6,%7}, {%8,%9}, {%10,%11,%12,%13};" : "=f"(mma_acc_f_155[0]), "=f"(mma_acc_f_155[1]), "=f"(mma_acc_f_155[2]), "=f"(mma_acc_f_155[3]) : "r"(mma_a_h_139[0]), "r"(mma_a_h_139[1]), "r"(mma_a_h_139[2]), "r"(mma_a_h_139[3]), "r"(mma_b_h_147[0]), "r"(mma_b_h_147[1]), "f"(ul_59[0]), "f"(ul_59[1]), "f"(ul_59[2]), "f"(ul_59[3]));
    float mma_acc_f_156[4];
    asm volatile("mma.sync.aligned.m16n8k16.row.col.f32.f16.f16.f32 {%0,%1,%2,%3}, {%4,%5,%6,%7}, {%8,%9}, {%10,%11,%12,%13};" : "=f"(mma_acc_f_156[0]), "=f"(mma_acc_f_156[1]), "=f"(mma_acc_f_156[2]), "=f"(mma_acc_f_156[3]) : "r"(mma_a_h_139[0]), "r"(mma_a_h_139[1]), "r"(mma_a_h_139[2]), "r"(mma_a_h_139[3]), "r"(mma_b_h_148[0]), "r"(mma_b_h_148[1]), "f"(ul_60[0]), "f"(ul_60[1]), "f"(ul_60[2]), "f"(ul_60[3]));
    float mma_acc_f_157[4];
    asm volatile("mma.sync.aligned.m16n8k16.row.col.f32.f16.f16.f32 {%0,%1,%2,%3}, {%4,%5,%6,%7}, {%8,%9}, {%10,%11,%12,%13};" : "=f"(mma_acc_f_157[0]), "=f"(mma_acc_f_157[1]), "=f"(mma_acc_f_157[2]), "=f"(mma_acc_f_157[3]) : "r"(mma_a_h_140[0]), "r"(mma_a_h_140[1]), "r"(mma_a_h_140[2]), "r"(mma_a_h_140[3]), "r"(mma_b_h_141[0]), "r"(mma_b_h_141[1]), "f"(ul_61[0]), "f"(ul_61[1]), "f"(ul_61[2]), "f"(ul_61[3]));
    float mma_acc_f_158[4];
    asm volatile("mma.sync.aligned.m16n8k16.row.col.f32.f16.f16.f32 {%0,%1,%2,%3}, {%4,%5,%6,%7}, {%8,%9}, {%10,%11,%12,%13};" : "=f"(mma_acc_f_158[0]), "=f"(mma_acc_f_158[1]), "=f"(mma_acc_f_158[2]), "=f"(mma_acc_f_158[3]) : "r"(mma_a_h_140[0]), "r"(mma_a_h_140[1]), "r"(mma_a_h_140[2]), "r"(mma_a_h_140[3]), "r"(mma_b_h_142[0]), "r"(mma_b_h_142[1]), "f"(ul_62[0]), "f"(ul_62[1]), "f"(ul_62[2]), "f"(ul_62[3]));
    float mma_acc_f_159[4];
    asm volatile("mma.sync.aligned.m16n8k16.row.col.f32.f16.f16.f32 {%0,%1,%2,%3}, {%4,%5,%6,%7}, {%8,%9}, {%10,%11,%12,%13};" : "=f"(mma_acc_f_159[0]), "=f"(mma_acc_f_159[1]), "=f"(mma_acc_f_159[2]), "=f"(mma_acc_f_159[3]) : "r"(mma_a_h_140[0]), "r"(mma_a_h_140[1]), "r"(mma_a_h_140[2]), "r"(mma_a_h_140[3]), "r"(mma_b_h_143[0]), "r"(mma_b_h_143[1]), "f"(ul_63[0]), "f"(ul_63[1]), "f"(ul_63[2]), "f"(ul_63[3]));
    float mma_acc_f_160[4];
    asm volatile("mma.sync.aligned.m16n8k16.row.col.f32.f16.f16.f32 {%0,%1,%2,%3}, {%4,%5,%6,%7}, {%8,%9}, {%10,%11,%12,%13};" : "=f"(mma_acc_f_160[0]), "=f"(mma_acc_f_160[1]), "=f"(mma_acc_f_160[2]), "=f"(mma_acc_f_160[3]) : "r"(mma_a_h_140[0]), "r"(mma_a_h_140[1]), "r"(mma_a_h_140[2]), "r"(mma_a_h_140[3]), "r"(mma_b_h_144[0]), "r"(mma_b_h_144[1]), "f"(ul_64[0]), "f"(ul_64[1]), "f"(ul_64[2]), "f"(ul_64[3]));
    float mma_acc_f_161[4];
    asm volatile("mma.sync.aligned.m16n8k16.row.col.f32.f16.f16.f32 {%0,%1,%2,%3}, {%4,%5,%6,%7}, {%8,%9}, {%10,%11,%12,%13};" : "=f"(mma_acc_f_161[0]), "=f"(mma_acc_f_161[1]), "=f"(mma_acc_f_161[2]), "=f"(mma_acc_f_161[3]) : "r"(mma_a_h_140[0]), "r"(mma_a_h_140[1]), "r"(mma_a_h_140[2]), "r"(mma_a_h_140[3]), "r"(mma_b_h_145[0]), "r"(mma_b_h_145[1]), "f"(ul_65[0]), "f"(ul_65[1]), "f"(ul_65[2]), "f"(ul_65[3]));
    float mma_acc_f_162[4];
    asm volatile("mma.sync.aligned.m16n8k16.row.col.f32.f16.f16.f32 {%0,%1,%2,%3}, {%4,%5,%6,%7}, {%8,%9}, {%10,%11,%12,%13};" : "=f"(mma_acc_f_162[0]), "=f"(mma_acc_f_162[1]), "=f"(mma_acc_f_162[2]), "=f"(mma_acc_f_162[3]) : "r"(mma_a_h_140[0]), "r"(mma_a_h_140[1]), "r"(mma_a_h_140[2]), "r"(mma_a_h_140[3]), "r"(mma_b_h_146[0]), "r"(mma_b_h_146[1]), "f"(ul_66[0]), "f"(ul_66[1]), "f"(ul_66[2]), "f"(ul_66[3]));
    float mma_acc_f_163[4];
    asm volatile("mma.sync.aligned.m16n8k16.row.col.f32.f16.f16.f32 {%0,%1,%2,%3}, {%4,%5,%6,%7}, {%8,%9}, {%10,%11,%12,%13};" : "=f"(mma_acc_f_163[0]), "=f"(mma_acc_f_163[1]), "=f"(mma_acc_f_163[2]), "=f"(mma_acc_f_163[3]) : "r"(mma_a_h_140[0]), "r"(mma_a_h_140[1]), "r"(mma_a_h_140[2]), "r"(mma_a_h_140[3]), "r"(mma_b_h_147[0]), "r"(mma_b_h_147[1]), "f"(ul_67[0]), "f"(ul_67[1]), "f"(ul_67[2]), "f"(ul_67[3]));
    float mma_acc_f_164[4];
    asm volatile("mma.sync.aligned.m16n8k16.row.col.f32.f16.f16.f32 {%0,%1,%2,%3}, {%4,%5,%6,%7}, {%8,%9}, {%10,%11,%12,%13};" : "=f"(mma_acc_f_164[0]), "=f"(mma_acc_f_164[1]), "=f"(mma_acc_f_164[2]), "=f"(mma_acc_f_164[3]) : "r"(mma_a_h_140[0]), "r"(mma_a_h_140[1]), "r"(mma_a_h_140[2]), "r"(mma_a_h_140[3]), "r"(mma_b_h_148[0]), "r"(mma_b_h_148[1]), "f"(ul_68[0]), "f"(ul_68[1]), "f"(ul_68[2]), "f"(ul_68[3]));
    __syncthreads();
    i_165  =  i_69 + 1;
    ul_53[0]  =  mma_acc_f_149[0];
    ul_53[1]  =  mma_acc_f_149[1];
    ul_53[2]  =  mma_acc_f_149[2];
    ul_53[3]  =  mma_acc_f_149[3];
    ul_54[0]  =  mma_acc_f_150[0];
    ul_54[1]  =  mma_acc_f_150[1];
    ul_54[2]  =  mma_acc_f_150[2];
    ul_54[3]  =  mma_acc_f_150[3];
    ul_55[0]  =  mma_acc_f_151[0];
    ul_55[1]  =  mma_acc_f_151[1];
    ul_55[2]  =  mma_acc_f_151[2];
    ul_55[3]  =  mma_acc_f_151[3];
    ul_56[0]  =  mma_acc_f_152[0];
    ul_56[1]  =  mma_acc_f_152[1];
    ul_56[2]  =  mma_acc_f_152[2];
    ul_56[3]  =  mma_acc_f_152[3];
    ul_57[0]  =  mma_acc_f_153[0];
    ul_57[1]  =  mma_acc_f_153[1];
    ul_57[2]  =  mma_acc_f_153[2];
    ul_57[3]  =  mma_acc_f_153[3];
    ul_58[0]  =  mma_acc_f_154[0];
    ul_58[1]  =  mma_acc_f_154[1];
    ul_58[2]  =  mma_acc_f_154[2];
    ul_58[3]  =  mma_acc_f_154[3];
    ul_59[0]  =  mma_acc_f_155[0];
    ul_59[1]  =  mma_acc_f_155[1];
    ul_59[2]  =  mma_acc_f_155[2];
    ul_59[3]  =  mma_acc_f_155[3];
    ul_60[0]  =  mma_acc_f_156[0];
    ul_60[1]  =  mma_acc_f_156[1];
    ul_60[2]  =  mma_acc_f_156[2];
    ul_60[3]  =  mma_acc_f_156[3];
    ul_61[0]  =  mma_acc_f_157[0];
    ul_61[1]  =  mma_acc_f_157[1];
    ul_61[2]  =  mma_acc_f_157[2];
    ul_61[3]  =  mma_acc_f_157[3];
    ul_62[0]  =  mma_acc_f_158[0];
    ul_62[1]  =  mma_acc_f_158[1];
    ul_62[2]  =  mma_acc_f_158[2];
    ul_62[3]  =  mma_acc_f_158[3];
    ul_63[0]  =  mma_acc_f_159[0];
    ul_63[1]  =  mma_acc_f_159[1];
    ul_63[2]  =  mma_acc_f_159[2];
    ul_63[3]  =  mma_acc_f_159[3];
    ul_64[0]  =  mma_acc_f_160[0];
    ul_64[1]  =  mma_acc_f_160[1];
    ul_64[2]  =  mma_acc_f_160[2];
    ul_64[3]  =  mma_acc_f_160[3];
    ul_65[0]  =  mma_acc_f_161[0];
    ul_65[1]  =  mma_acc_f_161[1];
    ul_65[2]  =  mma_acc_f_161[2];
    ul_65[3]  =  mma_acc_f_161[3];
    ul_66[0]  =  mma_acc_f_162[0];
    ul_66[1]  =  mma_acc_f_162[1];
    ul_66[2]  =  mma_acc_f_162[2];
    ul_66[3]  =  mma_acc_f_162[3];
    ul_67[0]  =  mma_acc_f_163[0];
    ul_67[1]  =  mma_acc_f_163[1];
    ul_67[2]  =  mma_acc_f_163[2];
    ul_67[3]  =  mma_acc_f_163[3];
    ul_68[0]  =  mma_acc_f_164[0];
    ul_68[1]  =  mma_acc_f_164[1];
    ul_68[2]  =  mma_acc_f_164[2];
    ul_68[3]  =  mma_acc_f_164[3];
    i_69  =  i_165;
  }  // B1
  // BLOCK 9
  i_166  =  i_45 << 5;
  i_167  =  i_166 + i_52;
  i_168  =  i_26 << 6;
  i_169  =  i_168 + i_49;
  {
    unsigned __lane = threadIdx.x & 31u;
    unsigned __rit0 = (__lane >> 2);
    unsigned __cit0 = ((__lane & 3u) << 1);
    unsigned __idx0 = (i_167 + __rit0) * 512 + (i_169 + __cit0);
    ((float *) ((char *) ul_2 + 16u))[__idx0] = ul_53[0];
    unsigned __rit1 = (__lane >> 2);
    unsigned __cit1 = ((__lane & 3u) << 1) + 1u;
    unsigned __idx1 = (i_167 + __rit1) * 512 + (i_169 + __cit1);
    ((float *) ((char *) ul_2 + 16u))[__idx1] = ul_53[1];
    unsigned __rit2 = (__lane >> 2) + 8u;
    unsigned __cit2 = ((__lane & 3u) << 1);
    unsigned __idx2 = (i_167 + __rit2) * 512 + (i_169 + __cit2);
    ((float *) ((char *) ul_2 + 16u))[__idx2] = ul_53[2];
    unsigned __rit3 = (__lane >> 2) + 8u;
    unsigned __cit3 = ((__lane & 3u) << 1) + 1u;
    unsigned __idx3 = (i_167 + __rit3) * 512 + (i_169 + __cit3);
    ((float *) ((char *) ul_2 + 16u))[__idx3] = ul_53[3];
  }
  i_170  =  i_169 + 8;
  {
    unsigned __lane = threadIdx.x & 31u;
    unsigned __rit0 = (__lane >> 2);
    unsigned __cit0 = ((__lane & 3u) << 1);
    unsigned __idx0 = (i_167 + __rit0) * 512 + (i_170 + __cit0);
    ((float *) ((char *) ul_2 + 16u))[__idx0] = ul_54[0];
    unsigned __rit1 = (__lane >> 2);
    unsigned __cit1 = ((__lane & 3u) << 1) + 1u;
    unsigned __idx1 = (i_167 + __rit1) * 512 + (i_170 + __cit1);
    ((float *) ((char *) ul_2 + 16u))[__idx1] = ul_54[1];
    unsigned __rit2 = (__lane >> 2) + 8u;
    unsigned __cit2 = ((__lane & 3u) << 1);
    unsigned __idx2 = (i_167 + __rit2) * 512 + (i_170 + __cit2);
    ((float *) ((char *) ul_2 + 16u))[__idx2] = ul_54[2];
    unsigned __rit3 = (__lane >> 2) + 8u;
    unsigned __cit3 = ((__lane & 3u) << 1) + 1u;
    unsigned __idx3 = (i_167 + __rit3) * 512 + (i_170 + __cit3);
    ((float *) ((char *) ul_2 + 16u))[__idx3] = ul_54[3];
  }
  i_171  =  i_169 + 16;
  {
    unsigned __lane = threadIdx.x & 31u;
    unsigned __rit0 = (__lane >> 2);
    unsigned __cit0 = ((__lane & 3u) << 1);
    unsigned __idx0 = (i_167 + __rit0) * 512 + (i_171 + __cit0);
    ((float *) ((char *) ul_2 + 16u))[__idx0] = ul_55[0];
    unsigned __rit1 = (__lane >> 2);
    unsigned __cit1 = ((__lane & 3u) << 1) + 1u;
    unsigned __idx1 = (i_167 + __rit1) * 512 + (i_171 + __cit1);
    ((float *) ((char *) ul_2 + 16u))[__idx1] = ul_55[1];
    unsigned __rit2 = (__lane >> 2) + 8u;
    unsigned __cit2 = ((__lane & 3u) << 1);
    unsigned __idx2 = (i_167 + __rit2) * 512 + (i_171 + __cit2);
    ((float *) ((char *) ul_2 + 16u))[__idx2] = ul_55[2];
    unsigned __rit3 = (__lane >> 2) + 8u;
    unsigned __cit3 = ((__lane & 3u) << 1) + 1u;
    unsigned __idx3 = (i_167 + __rit3) * 512 + (i_171 + __cit3);
    ((float *) ((char *) ul_2 + 16u))[__idx3] = ul_55[3];
  }
  i_172  =  i_169 + 24;
  {
    unsigned __lane = threadIdx.x & 31u;
    unsigned __rit0 = (__lane >> 2);
    unsigned __cit0 = ((__lane & 3u) << 1);
    unsigned __idx0 = (i_167 + __rit0) * 512 + (i_172 + __cit0);
    ((float *) ((char *) ul_2 + 16u))[__idx0] = ul_56[0];
    unsigned __rit1 = (__lane >> 2);
    unsigned __cit1 = ((__lane & 3u) << 1) + 1u;
    unsigned __idx1 = (i_167 + __rit1) * 512 + (i_172 + __cit1);
    ((float *) ((char *) ul_2 + 16u))[__idx1] = ul_56[1];
    unsigned __rit2 = (__lane >> 2) + 8u;
    unsigned __cit2 = ((__lane & 3u) << 1);
    unsigned __idx2 = (i_167 + __rit2) * 512 + (i_172 + __cit2);
    ((float *) ((char *) ul_2 + 16u))[__idx2] = ul_56[2];
    unsigned __rit3 = (__lane >> 2) + 8u;
    unsigned __cit3 = ((__lane & 3u) << 1) + 1u;
    unsigned __idx3 = (i_167 + __rit3) * 512 + (i_172 + __cit3);
    ((float *) ((char *) ul_2 + 16u))[__idx3] = ul_56[3];
  }
  i_173  =  i_169 + 32;
  {
    unsigned __lane = threadIdx.x & 31u;
    unsigned __rit0 = (__lane >> 2);
    unsigned __cit0 = ((__lane & 3u) << 1);
    unsigned __idx0 = (i_167 + __rit0) * 512 + (i_173 + __cit0);
    ((float *) ((char *) ul_2 + 16u))[__idx0] = ul_57[0];
    unsigned __rit1 = (__lane >> 2);
    unsigned __cit1 = ((__lane & 3u) << 1) + 1u;
    unsigned __idx1 = (i_167 + __rit1) * 512 + (i_173 + __cit1);
    ((float *) ((char *) ul_2 + 16u))[__idx1] = ul_57[1];
    unsigned __rit2 = (__lane >> 2) + 8u;
    unsigned __cit2 = ((__lane & 3u) << 1);
    unsigned __idx2 = (i_167 + __rit2) * 512 + (i_173 + __cit2);
    ((float *) ((char *) ul_2 + 16u))[__idx2] = ul_57[2];
    unsigned __rit3 = (__lane >> 2) + 8u;
    unsigned __cit3 = ((__lane & 3u) << 1) + 1u;
    unsigned __idx3 = (i_167 + __rit3) * 512 + (i_173 + __cit3);
    ((float *) ((char *) ul_2 + 16u))[__idx3] = ul_57[3];
  }
  i_174  =  i_169 + 40;
  {
    unsigned __lane = threadIdx.x & 31u;
    unsigned __rit0 = (__lane >> 2);
    unsigned __cit0 = ((__lane & 3u) << 1);
    unsigned __idx0 = (i_167 + __rit0) * 512 + (i_174 + __cit0);
    ((float *) ((char *) ul_2 + 16u))[__idx0] = ul_58[0];
    unsigned __rit1 = (__lane >> 2);
    unsigned __cit1 = ((__lane & 3u) << 1) + 1u;
    unsigned __idx1 = (i_167 + __rit1) * 512 + (i_174 + __cit1);
    ((float *) ((char *) ul_2 + 16u))[__idx1] = ul_58[1];
    unsigned __rit2 = (__lane >> 2) + 8u;
    unsigned __cit2 = ((__lane & 3u) << 1);
    unsigned __idx2 = (i_167 + __rit2) * 512 + (i_174 + __cit2);
    ((float *) ((char *) ul_2 + 16u))[__idx2] = ul_58[2];
    unsigned __rit3 = (__lane >> 2) + 8u;
    unsigned __cit3 = ((__lane & 3u) << 1) + 1u;
    unsigned __idx3 = (i_167 + __rit3) * 512 + (i_174 + __cit3);
    ((float *) ((char *) ul_2 + 16u))[__idx3] = ul_58[3];
  }
  i_175  =  i_169 + 48;
  {
    unsigned __lane = threadIdx.x & 31u;
    unsigned __rit0 = (__lane >> 2);
    unsigned __cit0 = ((__lane & 3u) << 1);
    unsigned __idx0 = (i_167 + __rit0) * 512 + (i_175 + __cit0);
    ((float *) ((char *) ul_2 + 16u))[__idx0] = ul_59[0];
    unsigned __rit1 = (__lane >> 2);
    unsigned __cit1 = ((__lane & 3u) << 1) + 1u;
    unsigned __idx1 = (i_167 + __rit1) * 512 + (i_175 + __cit1);
    ((float *) ((char *) ul_2 + 16u))[__idx1] = ul_59[1];
    unsigned __rit2 = (__lane >> 2) + 8u;
    unsigned __cit2 = ((__lane & 3u) << 1);
    unsigned __idx2 = (i_167 + __rit2) * 512 + (i_175 + __cit2);
    ((float *) ((char *) ul_2 + 16u))[__idx2] = ul_59[2];
    unsigned __rit3 = (__lane >> 2) + 8u;
    unsigned __cit3 = ((__lane & 3u) << 1) + 1u;
    unsigned __idx3 = (i_167 + __rit3) * 512 + (i_175 + __cit3);
    ((float *) ((char *) ul_2 + 16u))[__idx3] = ul_59[3];
  }
  i_176  =  i_169 + 56;
  {
    unsigned __lane = threadIdx.x & 31u;
    unsigned __rit0 = (__lane >> 2);
    unsigned __cit0 = ((__lane & 3u) << 1);
    unsigned __idx0 = (i_167 + __rit0) * 512 + (i_176 + __cit0);
    ((float *) ((char *) ul_2 + 16u))[__idx0] = ul_60[0];
    unsigned __rit1 = (__lane >> 2);
    unsigned __cit1 = ((__lane & 3u) << 1) + 1u;
    unsigned __idx1 = (i_167 + __rit1) * 512 + (i_176 + __cit1);
    ((float *) ((char *) ul_2 + 16u))[__idx1] = ul_60[1];
    unsigned __rit2 = (__lane >> 2) + 8u;
    unsigned __cit2 = ((__lane & 3u) << 1);
    unsigned __idx2 = (i_167 + __rit2) * 512 + (i_176 + __cit2);
    ((float *) ((char *) ul_2 + 16u))[__idx2] = ul_60[2];
    unsigned __rit3 = (__lane >> 2) + 8u;
    unsigned __cit3 = ((__lane & 3u) << 1) + 1u;
    unsigned __idx3 = (i_167 + __rit3) * 512 + (i_176 + __cit3);
    ((float *) ((char *) ul_2 + 16u))[__idx3] = ul_60[3];
  }
  i_177  =  i_167 + 16;
  {
    unsigned __lane = threadIdx.x & 31u;
    unsigned __rit0 = (__lane >> 2);
    unsigned __cit0 = ((__lane & 3u) << 1);
    unsigned __idx0 = (i_177 + __rit0) * 512 + (i_169 + __cit0);
    ((float *) ((char *) ul_2 + 16u))[__idx0] = ul_61[0];
    unsigned __rit1 = (__lane >> 2);
    unsigned __cit1 = ((__lane & 3u) << 1) + 1u;
    unsigned __idx1 = (i_177 + __rit1) * 512 + (i_169 + __cit1);
    ((float *) ((char *) ul_2 + 16u))[__idx1] = ul_61[1];
    unsigned __rit2 = (__lane >> 2) + 8u;
    unsigned __cit2 = ((__lane & 3u) << 1);
    unsigned __idx2 = (i_177 + __rit2) * 512 + (i_169 + __cit2);
    ((float *) ((char *) ul_2 + 16u))[__idx2] = ul_61[2];
    unsigned __rit3 = (__lane >> 2) + 8u;
    unsigned __cit3 = ((__lane & 3u) << 1) + 1u;
    unsigned __idx3 = (i_177 + __rit3) * 512 + (i_169 + __cit3);
    ((float *) ((char *) ul_2 + 16u))[__idx3] = ul_61[3];
  }
  {
    unsigned __lane = threadIdx.x & 31u;
    unsigned __rit0 = (__lane >> 2);
    unsigned __cit0 = ((__lane & 3u) << 1);
    unsigned __idx0 = (i_177 + __rit0) * 512 + (i_170 + __cit0);
    ((float *) ((char *) ul_2 + 16u))[__idx0] = ul_62[0];
    unsigned __rit1 = (__lane >> 2);
    unsigned __cit1 = ((__lane & 3u) << 1) + 1u;
    unsigned __idx1 = (i_177 + __rit1) * 512 + (i_170 + __cit1);
    ((float *) ((char *) ul_2 + 16u))[__idx1] = ul_62[1];
    unsigned __rit2 = (__lane >> 2) + 8u;
    unsigned __cit2 = ((__lane & 3u) << 1);
    unsigned __idx2 = (i_177 + __rit2) * 512 + (i_170 + __cit2);
    ((float *) ((char *) ul_2 + 16u))[__idx2] = ul_62[2];
    unsigned __rit3 = (__lane >> 2) + 8u;
    unsigned __cit3 = ((__lane & 3u) << 1) + 1u;
    unsigned __idx3 = (i_177 + __rit3) * 512 + (i_170 + __cit3);
    ((float *) ((char *) ul_2 + 16u))[__idx3] = ul_62[3];
  }
  {
    unsigned __lane = threadIdx.x & 31u;
    unsigned __rit0 = (__lane >> 2);
    unsigned __cit0 = ((__lane & 3u) << 1);
    unsigned __idx0 = (i_177 + __rit0) * 512 + (i_171 + __cit0);
    ((float *) ((char *) ul_2 + 16u))[__idx0] = ul_63[0];
    unsigned __rit1 = (__lane >> 2);
    unsigned __cit1 = ((__lane & 3u) << 1) + 1u;
    unsigned __idx1 = (i_177 + __rit1) * 512 + (i_171 + __cit1);
    ((float *) ((char *) ul_2 + 16u))[__idx1] = ul_63[1];
    unsigned __rit2 = (__lane >> 2) + 8u;
    unsigned __cit2 = ((__lane & 3u) << 1);
    unsigned __idx2 = (i_177 + __rit2) * 512 + (i_171 + __cit2);
    ((float *) ((char *) ul_2 + 16u))[__idx2] = ul_63[2];
    unsigned __rit3 = (__lane >> 2) + 8u;
    unsigned __cit3 = ((__lane & 3u) << 1) + 1u;
    unsigned __idx3 = (i_177 + __rit3) * 512 + (i_171 + __cit3);
    ((float *) ((char *) ul_2 + 16u))[__idx3] = ul_63[3];
  }
  {
    unsigned __lane = threadIdx.x & 31u;
    unsigned __rit0 = (__lane >> 2);
    unsigned __cit0 = ((__lane & 3u) << 1);
    unsigned __idx0 = (i_177 + __rit0) * 512 + (i_172 + __cit0);
    ((float *) ((char *) ul_2 + 16u))[__idx0] = ul_64[0];
    unsigned __rit1 = (__lane >> 2);
    unsigned __cit1 = ((__lane & 3u) << 1) + 1u;
    unsigned __idx1 = (i_177 + __rit1) * 512 + (i_172 + __cit1);
    ((float *) ((char *) ul_2 + 16u))[__idx1] = ul_64[1];
    unsigned __rit2 = (__lane >> 2) + 8u;
    unsigned __cit2 = ((__lane & 3u) << 1);
    unsigned __idx2 = (i_177 + __rit2) * 512 + (i_172 + __cit2);
    ((float *) ((char *) ul_2 + 16u))[__idx2] = ul_64[2];
    unsigned __rit3 = (__lane >> 2) + 8u;
    unsigned __cit3 = ((__lane & 3u) << 1) + 1u;
    unsigned __idx3 = (i_177 + __rit3) * 512 + (i_172 + __cit3);
    ((float *) ((char *) ul_2 + 16u))[__idx3] = ul_64[3];
  }
  {
    unsigned __lane = threadIdx.x & 31u;
    unsigned __rit0 = (__lane >> 2);
    unsigned __cit0 = ((__lane & 3u) << 1);
    unsigned __idx0 = (i_177 + __rit0) * 512 + (i_173 + __cit0);
    ((float *) ((char *) ul_2 + 16u))[__idx0] = ul_65[0];
    unsigned __rit1 = (__lane >> 2);
    unsigned __cit1 = ((__lane & 3u) << 1) + 1u;
    unsigned __idx1 = (i_177 + __rit1) * 512 + (i_173 + __cit1);
    ((float *) ((char *) ul_2 + 16u))[__idx1] = ul_65[1];
    unsigned __rit2 = (__lane >> 2) + 8u;
    unsigned __cit2 = ((__lane & 3u) << 1);
    unsigned __idx2 = (i_177 + __rit2) * 512 + (i_173 + __cit2);
    ((float *) ((char *) ul_2 + 16u))[__idx2] = ul_65[2];
    unsigned __rit3 = (__lane >> 2) + 8u;
    unsigned __cit3 = ((__lane & 3u) << 1) + 1u;
    unsigned __idx3 = (i_177 + __rit3) * 512 + (i_173 + __cit3);
    ((float *) ((char *) ul_2 + 16u))[__idx3] = ul_65[3];
  }
  {
    unsigned __lane = threadIdx.x & 31u;
    unsigned __rit0 = (__lane >> 2);
    unsigned __cit0 = ((__lane & 3u) << 1);
    unsigned __idx0 = (i_177 + __rit0) * 512 + (i_174 + __cit0);
    ((float *) ((char *) ul_2 + 16u))[__idx0] = ul_66[0];
    unsigned __rit1 = (__lane >> 2);
    unsigned __cit1 = ((__lane & 3u) << 1) + 1u;
    unsigned __idx1 = (i_177 + __rit1) * 512 + (i_174 + __cit1);
    ((float *) ((char *) ul_2 + 16u))[__idx1] = ul_66[1];
    unsigned __rit2 = (__lane >> 2) + 8u;
    unsigned __cit2 = ((__lane & 3u) << 1);
    unsigned __idx2 = (i_177 + __rit2) * 512 + (i_174 + __cit2);
    ((float *) ((char *) ul_2 + 16u))[__idx2] = ul_66[2];
    unsigned __rit3 = (__lane >> 2) + 8u;
    unsigned __cit3 = ((__lane & 3u) << 1) + 1u;
    unsigned __idx3 = (i_177 + __rit3) * 512 + (i_174 + __cit3);
    ((float *) ((char *) ul_2 + 16u))[__idx3] = ul_66[3];
  }
  {
    unsigned __lane = threadIdx.x & 31u;
    unsigned __rit0 = (__lane >> 2);
    unsigned __cit0 = ((__lane & 3u) << 1);
    unsigned __idx0 = (i_177 + __rit0) * 512 + (i_175 + __cit0);
    ((float *) ((char *) ul_2 + 16u))[__idx0] = ul_67[0];
    unsigned __rit1 = (__lane >> 2);
    unsigned __cit1 = ((__lane & 3u) << 1) + 1u;
    unsigned __idx1 = (i_177 + __rit1) * 512 + (i_175 + __cit1);
    ((float *) ((char *) ul_2 + 16u))[__idx1] = ul_67[1];
    unsigned __rit2 = (__lane >> 2) + 8u;
    unsigned __cit2 = ((__lane & 3u) << 1);
    unsigned __idx2 = (i_177 + __rit2) * 512 + (i_175 + __cit2);
    ((float *) ((char *) ul_2 + 16u))[__idx2] = ul_67[2];
    unsigned __rit3 = (__lane >> 2) + 8u;
    unsigned __cit3 = ((__lane & 3u) << 1) + 1u;
    unsigned __idx3 = (i_177 + __rit3) * 512 + (i_175 + __cit3);
    ((float *) ((char *) ul_2 + 16u))[__idx3] = ul_67[3];
  }
  {
    unsigned __lane = threadIdx.x & 31u;
    unsigned __rit0 = (__lane >> 2);
    unsigned __cit0 = ((__lane & 3u) << 1);
    unsigned __idx0 = (i_177 + __rit0) * 512 + (i_176 + __cit0);
    ((float *) ((char *) ul_2 + 16u))[__idx0] = ul_68[0];
    unsigned __rit1 = (__lane >> 2);
    unsigned __cit1 = ((__lane & 3u) << 1) + 1u;
    unsigned __idx1 = (i_177 + __rit1) * 512 + (i_176 + __cit1);
    ((float *) ((char *) ul_2 + 16u))[__idx1] = ul_68[1];
    unsigned __rit2 = (__lane >> 2) + 8u;
    unsigned __cit2 = ((__lane & 3u) << 1);
    unsigned __idx2 = (i_177 + __rit2) * 512 + (i_176 + __cit2);
    ((float *) ((char *) ul_2 + 16u))[__idx2] = ul_68[2];
    unsigned __rit3 = (__lane >> 2) + 8u;
    unsigned __cit3 = ((__lane & 3u) << 1) + 1u;
    unsigned __idx3 = (i_177 + __rit3) * 512 + (i_176 + __cit3);
    ((float *) ((char *) ul_2 + 16u))[__idx3] = ul_68[3];
  }
  return;
}  //  kernel

extern "C" __global__ void gemmMMACpAsync(long long *_kernel_context, unsigned char *_constant_region, unsigned char *_local_region, int *_atomics, unsigned char *arg1, unsigned char *arg2, unsigned char *arg3, int arg4, int arg5, int arg6)
{
  unsigned long long ul_0, ul_1, ul_2; 
  int i_21, i_22, i_23, i_24, i_25, i_26, i_27, i_28, i_29, i_30, i_31, i_32, i_33, i_34, i_35, i_36, i_37, i_38, i_39, i_40, i_41, i_42, i_43, i_44, i_45, i_46, i_47, i_48, i_49, i_50, i_51, i_68, i_69, i_70, i_71, i_72, i_73, i_74, i_75, i_76, i_77, i_78, i_79, i_80, i_81, i_82, i_83, i_84, i_85, i_86, i_87, i_88, i_89, i_90, i_91, i_92, i_93, i_94, i_95, i_96, i_97, i_98, i_99, i_100, i_101, i_102, i_129, i_130, i_131, i_132, i_133, i_134, i_135, i_136, i_137, i_138, i_139, i_140, i_141; 
  float ul_52[4];
  float ul_53[4];
  float ul_54[4];
  float ul_55[4];
  float ul_56[4];
  float ul_57[4];
  float ul_58[4];
  float ul_59[4];
  float ul_60[4];
  float ul_61[4];
  float ul_62[4];
  float ul_63[4];
  float ul_64[4];
  float ul_65[4];
  float ul_66[4];
  float ul_67[4];

  // BLOCK 0
  ul_0  =  (unsigned long long) arg1;
  ul_1  =  (unsigned long long) arg2;
  ul_2  =  (unsigned long long) arg3;
  __shared__ int adi_3[1024];
  __shared__ int adi_4[1024];
  float mma_acc_f_5[4];
  mma_acc_f_5[0] = 0.0F;
  mma_acc_f_5[1] = 0.0F;
  mma_acc_f_5[2] = 0.0F;
  mma_acc_f_5[3] = 0.0F;
  float mma_acc_f_6[4];
  mma_acc_f_6[0] = 0.0F;
  mma_acc_f_6[1] = 0.0F;
  mma_acc_f_6[2] = 0.0F;
  mma_acc_f_6[3] = 0.0F;
  float mma_acc_f_7[4];
  mma_acc_f_7[0] = 0.0F;
  mma_acc_f_7[1] = 0.0F;
  mma_acc_f_7[2] = 0.0F;
  mma_acc_f_7[3] = 0.0F;
  float mma_acc_f_8[4];
  mma_acc_f_8[0] = 0.0F;
  mma_acc_f_8[1] = 0.0F;
  mma_acc_f_8[2] = 0.0F;
  mma_acc_f_8[3] = 0.0F;
  float mma_acc_f_9[4];
  mma_acc_f_9[0] = 0.0F;
  mma_acc_f_9[1] = 0.0F;
  mma_acc_f_9[2] = 0.0F;
  mma_acc_f_9[3] = 0.0F;
  float mma_acc_f_10[4];
  mma_acc_f_10[0] = 0.0F;
  mma_acc_f_10[1] = 0.0F;
  mma_acc_f_10[2] = 0.0F;
  mma_acc_f_10[3] = 0.0F;
  float mma_acc_f_11[4];
  mma_acc_f_11[0] = 0.0F;
  mma_acc_f_11[1] = 0.0F;
  mma_acc_f_11[2] = 0.0F;
  mma_acc_f_11[3] = 0.0F;
  float mma_acc_f_12[4];
  mma_acc_f_12[0] = 0.0F;
  mma_acc_f_12[1] = 0.0F;
  mma_acc_f_12[2] = 0.0F;
  mma_acc_f_12[3] = 0.0F;
  float mma_acc_f_13[4];
  mma_acc_f_13[0] = 0.0F;
  mma_acc_f_13[1] = 0.0F;
  mma_acc_f_13[2] = 0.0F;
  mma_acc_f_13[3] = 0.0F;
  float mma_acc_f_14[4];
  mma_acc_f_14[0] = 0.0F;
  mma_acc_f_14[1] = 0.0F;
  mma_acc_f_14[2] = 0.0F;
  mma_acc_f_14[3] = 0.0F;
  float mma_acc_f_15[4];
  mma_acc_f_15[0] = 0.0F;
  mma_acc_f_15[1] = 0.0F;
  mma_acc_f_15[2] = 0.0F;
  mma_acc_f_15[3] = 0.0F;
  float mma_acc_f_16[4];
  mma_acc_f_16[0] = 0.0F;
  mma_acc_f_16[1] = 0.0F;
  mma_acc_f_16[2] = 0.0F;
  mma_acc_f_16[3] = 0.0F;
  float mma_acc_f_17[4];
  mma_acc_f_17[0] = 0.0F;
  mma_acc_f_17[1] = 0.0F;
  mma_acc_f_17[2] = 0.0F;
  mma_acc_f_17[3] = 0.0F;
  float mma_acc_f_18[4];
  mma_acc_f_18[0] = 0.0F;
  mma_acc_f_18[1] = 0.0F;
  mma_acc_f_18[2] = 0.0F;
  mma_acc_f_18[3] = 0.0F;
  float mma_acc_f_19[4];
  mma_acc_f_19[0] = 0.0F;
  mma_acc_f_19[1] = 0.0F;
  mma_acc_f_19[2] = 0.0F;
  mma_acc_f_19[3] = 0.0F;
  float mma_acc_f_20[4];
  mma_acc_f_20[0] = 0.0F;
  mma_acc_f_20[1] = 0.0F;
  mma_acc_f_20[2] = 0.0F;
  mma_acc_f_20[3] = 0.0F;
  i_21  =  (threadIdx.x);
  i_22  =  i_21 >> 31;
  i_23  =  i_22 >> 27;
  i_24  =  i_23 + i_21;
  i_25  =  i_24 >> 5;
  i_26  =  i_25 % 2;
  i_27  =  i_26 << 3;
  i_28  =  i_27 + 7;
  i_29  =  i_28 << 8;
  i_30  =  i_27 + 6;
  i_31  =  i_30 << 8;
  i_32  =  i_27 + 5;
  i_33  =  i_32 << 8;
  i_34  =  i_27 + 4;
  i_35  =  i_34 << 8;
  i_36  =  i_27 + 3;
  i_37  =  i_36 << 8;
  i_38  =  i_27 + 2;
  i_39  =  i_38 << 8;
  i_40  =  i_27 + 1;
  i_41  =  i_40 << 8;
  i_42  =  i_26 << 11;
  i_43  =  i_24 >> 31;
  i_44  =  i_43 + i_25;
  i_45  =  i_44 >> 1;
  i_46  =  i_45 << 10;
  i_47  =  i_46 + 512;
  i_48  =  (blockIdx.y);
  i_49  =  i_48 << 7;
  i_50  =  (blockIdx.x);
  i_51  =  i_50 << 7;
  // BLOCK 1 MERGES [0 8 ]
  ul_52[0]  =  mma_acc_f_5[0];
  ul_52[1]  =  mma_acc_f_5[1];
  ul_52[2]  =  mma_acc_f_5[2];
  ul_52[3]  =  mma_acc_f_5[3];
  ul_53[0]  =  mma_acc_f_6[0];
  ul_53[1]  =  mma_acc_f_6[1];
  ul_53[2]  =  mma_acc_f_6[2];
  ul_53[3]  =  mma_acc_f_6[3];
  ul_54[0]  =  mma_acc_f_7[0];
  ul_54[1]  =  mma_acc_f_7[1];
  ul_54[2]  =  mma_acc_f_7[2];
  ul_54[3]  =  mma_acc_f_7[3];
  ul_55[0]  =  mma_acc_f_8[0];
  ul_55[1]  =  mma_acc_f_8[1];
  ul_55[2]  =  mma_acc_f_8[2];
  ul_55[3]  =  mma_acc_f_8[3];
  ul_56[0]  =  mma_acc_f_9[0];
  ul_56[1]  =  mma_acc_f_9[1];
  ul_56[2]  =  mma_acc_f_9[2];
  ul_56[3]  =  mma_acc_f_9[3];
  ul_57[0]  =  mma_acc_f_10[0];
  ul_57[1]  =  mma_acc_f_10[1];
  ul_57[2]  =  mma_acc_f_10[2];
  ul_57[3]  =  mma_acc_f_10[3];
  ul_58[0]  =  mma_acc_f_11[0];
  ul_58[1]  =  mma_acc_f_11[1];
  ul_58[2]  =  mma_acc_f_11[2];
  ul_58[3]  =  mma_acc_f_11[3];
  ul_59[0]  =  mma_acc_f_12[0];
  ul_59[1]  =  mma_acc_f_12[1];
  ul_59[2]  =  mma_acc_f_12[2];
  ul_59[3]  =  mma_acc_f_12[3];
  ul_60[0]  =  mma_acc_f_13[0];
  ul_60[1]  =  mma_acc_f_13[1];
  ul_60[2]  =  mma_acc_f_13[2];
  ul_60[3]  =  mma_acc_f_13[3];
  ul_61[0]  =  mma_acc_f_14[0];
  ul_61[1]  =  mma_acc_f_14[1];
  ul_61[2]  =  mma_acc_f_14[2];
  ul_61[3]  =  mma_acc_f_14[3];
  ul_62[0]  =  mma_acc_f_15[0];
  ul_62[1]  =  mma_acc_f_15[1];
  ul_62[2]  =  mma_acc_f_15[2];
  ul_62[3]  =  mma_acc_f_15[3];
  ul_63[0]  =  mma_acc_f_16[0];
  ul_63[1]  =  mma_acc_f_16[1];
  ul_63[2]  =  mma_acc_f_16[2];
  ul_63[3]  =  mma_acc_f_16[3];
  ul_64[0]  =  mma_acc_f_17[0];
  ul_64[1]  =  mma_acc_f_17[1];
  ul_64[2]  =  mma_acc_f_17[2];
  ul_64[3]  =  mma_acc_f_17[3];
  ul_65[0]  =  mma_acc_f_18[0];
  ul_65[1]  =  mma_acc_f_18[1];
  ul_65[2]  =  mma_acc_f_18[2];
  ul_65[3]  =  mma_acc_f_18[3];
  ul_66[0]  =  mma_acc_f_19[0];
  ul_66[1]  =  mma_acc_f_19[1];
  ul_66[2]  =  mma_acc_f_19[2];
  ul_66[3]  =  mma_acc_f_19[3];
  ul_67[0]  =  mma_acc_f_20[0];
  ul_67[1]  =  mma_acc_f_20[1];
  ul_67[2]  =  mma_acc_f_20[2];
  ul_67[3]  =  mma_acc_f_20[3];
  i_68  =  0;
  for(;i_68 < 32;)
  {
    // BLOCK 2
    i_69  =  i_68 << 4;
    // BLOCK 3 MERGES [2 4 ]
    i_70  =  i_21;
    for(;i_70 < 1024;)
    {
      // BLOCK 4
      i_71  =  i_70 >> 31;
      i_72  =  i_71 >> 29;
      i_73  =  i_72 + i_70;
      i_74  =  i_73 & -8;
      i_75  =  i_70 % 8;
      i_76  =  i_74 + i_75;
      i_77  =  i_75 << 1;
      i_78  =  i_73 >> 3;
      i_79  =  i_78 + i_51;
      i_80  =  i_79 << 9;
      i_81  =  i_77 + i_80;
      i_82  =  i_69 + i_81;
      {
        unsigned __smem;
        asm volatile("{ .reg .u64 u; cvta.to.shared.u64 u, %1; cvt.u32.u64 %0, u; }" : "=r"(__smem) : "l"((char *) adi_3 + (((unsigned) i_76) << 2)));
        asm volatile("cp.async.ca.shared.global [%0], [%1], 4;" :: "r"(__smem), "l"((const char *) ul_0 + 16u + ((long long) i_82) * 2));
      }
      i_83  =  i_70 + 256;
      i_70  =  i_83;
    }  // B3
    // BLOCK 5
    // BLOCK 6 MERGES [5 7 ]
    i_84  =  i_21;
    for(;i_84 < 1024;)
    {
      // BLOCK 7
      i_85  =  i_84 % 64;
      i_86  =  i_85 % 4;
      i_87  =  i_86 << 1;
      i_88  =  i_84 >> 31;
      i_89  =  i_88 >> 26;
      i_90  =  i_89 + i_84;
      i_91  =  i_90 >> 6;
      i_92  =  i_91 << 3;
      i_93  =  i_87 + i_92;
      i_94  =  i_85 >> 31;
      i_95  =  i_94 >> 30;
      i_96  =  i_95 + i_85;
      i_97  =  i_96 >> 2;
      i_98  =  i_97 + i_69;
      i_99  =  i_98 << 9;
      i_100  =  i_93 + i_99;
      i_101  =  i_49 + i_100;
      {
        unsigned __smem;
        asm volatile("{ .reg .u64 u; cvta.to.shared.u64 u, %1; cvt.u32.u64 %0, u; }" : "=r"(__smem) : "l"((char *) adi_4 + (((unsigned) i_84) << 2)));
        asm volatile("cp.async.ca.shared.global [%0], [%1], 4;" :: "r"(__smem), "l"((const char *) ul_1 + 16u + ((long long) i_101) * 2));
      }
      i_102  =  i_84 + 256;
      i_84  =  i_102;
    }  // B6
    // BLOCK 8
    asm volatile("cp.async.commit_group;");
    asm volatile("cp.async.wait_group 0;");
    __syncthreads();
    unsigned mma_a_h_103[4];
    {
      unsigned __lane = threadIdx.x & 31u;
      unsigned __rit  = __lane & 7u;
      unsigned __grp  = __lane >> 3;
      unsigned __bo;
      unsigned __row = ((__grp & 1u) << 3) + __rit;
      unsigned __col = (__grp >> 1) << 4;
      __bo = (__row << 5) + __col;
      __bo += i_46;
      unsigned __smem;
      asm volatile("{ .reg .u64 u; cvta.to.shared.u64 u, %1; cvt.u32.u64 %0, u; }" : "=r"(__smem) : "l"((const char *) adi_3 + __bo));
      asm volatile("ldmatrix.sync.aligned.m8n8.x4.shared.b16 {%0,%1,%2,%3}, [%4];" : "=r"(mma_a_h_103[0]), "=r"(mma_a_h_103[1]), "=r"(mma_a_h_103[2]), "=r"(mma_a_h_103[3]) : "r"(__smem));
    }
    unsigned mma_a_h_104[4];
    {
      unsigned __lane = threadIdx.x & 31u;
      unsigned __rit  = __lane & 7u;
      unsigned __grp  = __lane >> 3;
      unsigned __bo;
      unsigned __row = ((__grp & 1u) << 3) + __rit;
      unsigned __col = (__grp >> 1) << 4;
      __bo = (__row << 5) + __col;
      __bo += i_47;
      unsigned __smem;
      asm volatile("{ .reg .u64 u; cvta.to.shared.u64 u, %1; cvt.u32.u64 %0, u; }" : "=r"(__smem) : "l"((const char *) adi_3 + __bo));
      asm volatile("ldmatrix.sync.aligned.m8n8.x4.shared.b16 {%0,%1,%2,%3}, [%4];" : "=r"(mma_a_h_104[0]), "=r"(mma_a_h_104[1]), "=r"(mma_a_h_104[2]), "=r"(mma_a_h_104[3]) : "r"(__smem));
    }
    unsigned mma_b_h_105[2];
    {
      unsigned __lane = threadIdx.x & 31u;
      unsigned __rit  = __lane & 7u;
      unsigned __grp  = __lane >> 3;
      unsigned __bo;
      unsigned __col = (__grp & 1u) << 7;
      __bo = (__rit << 4) + __col;
      __bo += i_42;
      unsigned __smem;
      asm volatile("{ .reg .u64 u; cvta.to.shared.u64 u, %1; cvt.u32.u64 %0, u; }" : "=r"(__smem) : "l"((const char *) adi_4 + __bo));
      asm volatile("ldmatrix.sync.aligned.m8n8.x2.trans.shared.b16 {%0,%1}, [%2];" : "=r"(mma_b_h_105[0]), "=r"(mma_b_h_105[1]) : "r"(__smem));
    }
    unsigned mma_b_h_106[2];
    {
      unsigned __lane = threadIdx.x & 31u;
      unsigned __rit  = __lane & 7u;
      unsigned __grp  = __lane >> 3;
      unsigned __bo;
      unsigned __col = (__grp & 1u) << 7;
      __bo = (__rit << 4) + __col;
      __bo += i_41;
      unsigned __smem;
      asm volatile("{ .reg .u64 u; cvta.to.shared.u64 u, %1; cvt.u32.u64 %0, u; }" : "=r"(__smem) : "l"((const char *) adi_4 + __bo));
      asm volatile("ldmatrix.sync.aligned.m8n8.x2.trans.shared.b16 {%0,%1}, [%2];" : "=r"(mma_b_h_106[0]), "=r"(mma_b_h_106[1]) : "r"(__smem));
    }
    unsigned mma_b_h_107[2];
    {
      unsigned __lane = threadIdx.x & 31u;
      unsigned __rit  = __lane & 7u;
      unsigned __grp  = __lane >> 3;
      unsigned __bo;
      unsigned __col = (__grp & 1u) << 7;
      __bo = (__rit << 4) + __col;
      __bo += i_39;
      unsigned __smem;
      asm volatile("{ .reg .u64 u; cvta.to.shared.u64 u, %1; cvt.u32.u64 %0, u; }" : "=r"(__smem) : "l"((const char *) adi_4 + __bo));
      asm volatile("ldmatrix.sync.aligned.m8n8.x2.trans.shared.b16 {%0,%1}, [%2];" : "=r"(mma_b_h_107[0]), "=r"(mma_b_h_107[1]) : "r"(__smem));
    }
    unsigned mma_b_h_108[2];
    {
      unsigned __lane = threadIdx.x & 31u;
      unsigned __rit  = __lane & 7u;
      unsigned __grp  = __lane >> 3;
      unsigned __bo;
      unsigned __col = (__grp & 1u) << 7;
      __bo = (__rit << 4) + __col;
      __bo += i_37;
      unsigned __smem;
      asm volatile("{ .reg .u64 u; cvta.to.shared.u64 u, %1; cvt.u32.u64 %0, u; }" : "=r"(__smem) : "l"((const char *) adi_4 + __bo));
      asm volatile("ldmatrix.sync.aligned.m8n8.x2.trans.shared.b16 {%0,%1}, [%2];" : "=r"(mma_b_h_108[0]), "=r"(mma_b_h_108[1]) : "r"(__smem));
    }
    unsigned mma_b_h_109[2];
    {
      unsigned __lane = threadIdx.x & 31u;
      unsigned __rit  = __lane & 7u;
      unsigned __grp  = __lane >> 3;
      unsigned __bo;
      unsigned __col = (__grp & 1u) << 7;
      __bo = (__rit << 4) + __col;
      __bo += i_35;
      unsigned __smem;
      asm volatile("{ .reg .u64 u; cvta.to.shared.u64 u, %1; cvt.u32.u64 %0, u; }" : "=r"(__smem) : "l"((const char *) adi_4 + __bo));
      asm volatile("ldmatrix.sync.aligned.m8n8.x2.trans.shared.b16 {%0,%1}, [%2];" : "=r"(mma_b_h_109[0]), "=r"(mma_b_h_109[1]) : "r"(__smem));
    }
    unsigned mma_b_h_110[2];
    {
      unsigned __lane = threadIdx.x & 31u;
      unsigned __rit  = __lane & 7u;
      unsigned __grp  = __lane >> 3;
      unsigned __bo;
      unsigned __col = (__grp & 1u) << 7;
      __bo = (__rit << 4) + __col;
      __bo += i_33;
      unsigned __smem;
      asm volatile("{ .reg .u64 u; cvta.to.shared.u64 u, %1; cvt.u32.u64 %0, u; }" : "=r"(__smem) : "l"((const char *) adi_4 + __bo));
      asm volatile("ldmatrix.sync.aligned.m8n8.x2.trans.shared.b16 {%0,%1}, [%2];" : "=r"(mma_b_h_110[0]), "=r"(mma_b_h_110[1]) : "r"(__smem));
    }
    unsigned mma_b_h_111[2];
    {
      unsigned __lane = threadIdx.x & 31u;
      unsigned __rit  = __lane & 7u;
      unsigned __grp  = __lane >> 3;
      unsigned __bo;
      unsigned __col = (__grp & 1u) << 7;
      __bo = (__rit << 4) + __col;
      __bo += i_31;
      unsigned __smem;
      asm volatile("{ .reg .u64 u; cvta.to.shared.u64 u, %1; cvt.u32.u64 %0, u; }" : "=r"(__smem) : "l"((const char *) adi_4 + __bo));
      asm volatile("ldmatrix.sync.aligned.m8n8.x2.trans.shared.b16 {%0,%1}, [%2];" : "=r"(mma_b_h_111[0]), "=r"(mma_b_h_111[1]) : "r"(__smem));
    }
    unsigned mma_b_h_112[2];
    {
      unsigned __lane = threadIdx.x & 31u;
      unsigned __rit  = __lane & 7u;
      unsigned __grp  = __lane >> 3;
      unsigned __bo;
      unsigned __col = (__grp & 1u) << 7;
      __bo = (__rit << 4) + __col;
      __bo += i_29;
      unsigned __smem;
      asm volatile("{ .reg .u64 u; cvta.to.shared.u64 u, %1; cvt.u32.u64 %0, u; }" : "=r"(__smem) : "l"((const char *) adi_4 + __bo));
      asm volatile("ldmatrix.sync.aligned.m8n8.x2.trans.shared.b16 {%0,%1}, [%2];" : "=r"(mma_b_h_112[0]), "=r"(mma_b_h_112[1]) : "r"(__smem));
    }
    float mma_acc_f_113[4];
    asm volatile("mma.sync.aligned.m16n8k16.row.col.f32.f16.f16.f32 {%0,%1,%2,%3}, {%4,%5,%6,%7}, {%8,%9}, {%10,%11,%12,%13};" : "=f"(mma_acc_f_113[0]), "=f"(mma_acc_f_113[1]), "=f"(mma_acc_f_113[2]), "=f"(mma_acc_f_113[3]) : "r"(mma_a_h_103[0]), "r"(mma_a_h_103[1]), "r"(mma_a_h_103[2]), "r"(mma_a_h_103[3]), "r"(mma_b_h_105[0]), "r"(mma_b_h_105[1]), "f"(ul_52[0]), "f"(ul_52[1]), "f"(ul_52[2]), "f"(ul_52[3]));
    float mma_acc_f_114[4];
    asm volatile("mma.sync.aligned.m16n8k16.row.col.f32.f16.f16.f32 {%0,%1,%2,%3}, {%4,%5,%6,%7}, {%8,%9}, {%10,%11,%12,%13};" : "=f"(mma_acc_f_114[0]), "=f"(mma_acc_f_114[1]), "=f"(mma_acc_f_114[2]), "=f"(mma_acc_f_114[3]) : "r"(mma_a_h_103[0]), "r"(mma_a_h_103[1]), "r"(mma_a_h_103[2]), "r"(mma_a_h_103[3]), "r"(mma_b_h_106[0]), "r"(mma_b_h_106[1]), "f"(ul_53[0]), "f"(ul_53[1]), "f"(ul_53[2]), "f"(ul_53[3]));
    float mma_acc_f_115[4];
    asm volatile("mma.sync.aligned.m16n8k16.row.col.f32.f16.f16.f32 {%0,%1,%2,%3}, {%4,%5,%6,%7}, {%8,%9}, {%10,%11,%12,%13};" : "=f"(mma_acc_f_115[0]), "=f"(mma_acc_f_115[1]), "=f"(mma_acc_f_115[2]), "=f"(mma_acc_f_115[3]) : "r"(mma_a_h_103[0]), "r"(mma_a_h_103[1]), "r"(mma_a_h_103[2]), "r"(mma_a_h_103[3]), "r"(mma_b_h_107[0]), "r"(mma_b_h_107[1]), "f"(ul_54[0]), "f"(ul_54[1]), "f"(ul_54[2]), "f"(ul_54[3]));
    float mma_acc_f_116[4];
    asm volatile("mma.sync.aligned.m16n8k16.row.col.f32.f16.f16.f32 {%0,%1,%2,%3}, {%4,%5,%6,%7}, {%8,%9}, {%10,%11,%12,%13};" : "=f"(mma_acc_f_116[0]), "=f"(mma_acc_f_116[1]), "=f"(mma_acc_f_116[2]), "=f"(mma_acc_f_116[3]) : "r"(mma_a_h_103[0]), "r"(mma_a_h_103[1]), "r"(mma_a_h_103[2]), "r"(mma_a_h_103[3]), "r"(mma_b_h_108[0]), "r"(mma_b_h_108[1]), "f"(ul_55[0]), "f"(ul_55[1]), "f"(ul_55[2]), "f"(ul_55[3]));
    float mma_acc_f_117[4];
    asm volatile("mma.sync.aligned.m16n8k16.row.col.f32.f16.f16.f32 {%0,%1,%2,%3}, {%4,%5,%6,%7}, {%8,%9}, {%10,%11,%12,%13};" : "=f"(mma_acc_f_117[0]), "=f"(mma_acc_f_117[1]), "=f"(mma_acc_f_117[2]), "=f"(mma_acc_f_117[3]) : "r"(mma_a_h_103[0]), "r"(mma_a_h_103[1]), "r"(mma_a_h_103[2]), "r"(mma_a_h_103[3]), "r"(mma_b_h_109[0]), "r"(mma_b_h_109[1]), "f"(ul_56[0]), "f"(ul_56[1]), "f"(ul_56[2]), "f"(ul_56[3]));
    float mma_acc_f_118[4];
    asm volatile("mma.sync.aligned.m16n8k16.row.col.f32.f16.f16.f32 {%0,%1,%2,%3}, {%4,%5,%6,%7}, {%8,%9}, {%10,%11,%12,%13};" : "=f"(mma_acc_f_118[0]), "=f"(mma_acc_f_118[1]), "=f"(mma_acc_f_118[2]), "=f"(mma_acc_f_118[3]) : "r"(mma_a_h_103[0]), "r"(mma_a_h_103[1]), "r"(mma_a_h_103[2]), "r"(mma_a_h_103[3]), "r"(mma_b_h_110[0]), "r"(mma_b_h_110[1]), "f"(ul_57[0]), "f"(ul_57[1]), "f"(ul_57[2]), "f"(ul_57[3]));
    float mma_acc_f_119[4];
    asm volatile("mma.sync.aligned.m16n8k16.row.col.f32.f16.f16.f32 {%0,%1,%2,%3}, {%4,%5,%6,%7}, {%8,%9}, {%10,%11,%12,%13};" : "=f"(mma_acc_f_119[0]), "=f"(mma_acc_f_119[1]), "=f"(mma_acc_f_119[2]), "=f"(mma_acc_f_119[3]) : "r"(mma_a_h_103[0]), "r"(mma_a_h_103[1]), "r"(mma_a_h_103[2]), "r"(mma_a_h_103[3]), "r"(mma_b_h_111[0]), "r"(mma_b_h_111[1]), "f"(ul_58[0]), "f"(ul_58[1]), "f"(ul_58[2]), "f"(ul_58[3]));
    float mma_acc_f_120[4];
    asm volatile("mma.sync.aligned.m16n8k16.row.col.f32.f16.f16.f32 {%0,%1,%2,%3}, {%4,%5,%6,%7}, {%8,%9}, {%10,%11,%12,%13};" : "=f"(mma_acc_f_120[0]), "=f"(mma_acc_f_120[1]), "=f"(mma_acc_f_120[2]), "=f"(mma_acc_f_120[3]) : "r"(mma_a_h_103[0]), "r"(mma_a_h_103[1]), "r"(mma_a_h_103[2]), "r"(mma_a_h_103[3]), "r"(mma_b_h_112[0]), "r"(mma_b_h_112[1]), "f"(ul_59[0]), "f"(ul_59[1]), "f"(ul_59[2]), "f"(ul_59[3]));
    float mma_acc_f_121[4];
    asm volatile("mma.sync.aligned.m16n8k16.row.col.f32.f16.f16.f32 {%0,%1,%2,%3}, {%4,%5,%6,%7}, {%8,%9}, {%10,%11,%12,%13};" : "=f"(mma_acc_f_121[0]), "=f"(mma_acc_f_121[1]), "=f"(mma_acc_f_121[2]), "=f"(mma_acc_f_121[3]) : "r"(mma_a_h_104[0]), "r"(mma_a_h_104[1]), "r"(mma_a_h_104[2]), "r"(mma_a_h_104[3]), "r"(mma_b_h_105[0]), "r"(mma_b_h_105[1]), "f"(ul_60[0]), "f"(ul_60[1]), "f"(ul_60[2]), "f"(ul_60[3]));
    float mma_acc_f_122[4];
    asm volatile("mma.sync.aligned.m16n8k16.row.col.f32.f16.f16.f32 {%0,%1,%2,%3}, {%4,%5,%6,%7}, {%8,%9}, {%10,%11,%12,%13};" : "=f"(mma_acc_f_122[0]), "=f"(mma_acc_f_122[1]), "=f"(mma_acc_f_122[2]), "=f"(mma_acc_f_122[3]) : "r"(mma_a_h_104[0]), "r"(mma_a_h_104[1]), "r"(mma_a_h_104[2]), "r"(mma_a_h_104[3]), "r"(mma_b_h_106[0]), "r"(mma_b_h_106[1]), "f"(ul_61[0]), "f"(ul_61[1]), "f"(ul_61[2]), "f"(ul_61[3]));
    float mma_acc_f_123[4];
    asm volatile("mma.sync.aligned.m16n8k16.row.col.f32.f16.f16.f32 {%0,%1,%2,%3}, {%4,%5,%6,%7}, {%8,%9}, {%10,%11,%12,%13};" : "=f"(mma_acc_f_123[0]), "=f"(mma_acc_f_123[1]), "=f"(mma_acc_f_123[2]), "=f"(mma_acc_f_123[3]) : "r"(mma_a_h_104[0]), "r"(mma_a_h_104[1]), "r"(mma_a_h_104[2]), "r"(mma_a_h_104[3]), "r"(mma_b_h_107[0]), "r"(mma_b_h_107[1]), "f"(ul_62[0]), "f"(ul_62[1]), "f"(ul_62[2]), "f"(ul_62[3]));
    float mma_acc_f_124[4];
    asm volatile("mma.sync.aligned.m16n8k16.row.col.f32.f16.f16.f32 {%0,%1,%2,%3}, {%4,%5,%6,%7}, {%8,%9}, {%10,%11,%12,%13};" : "=f"(mma_acc_f_124[0]), "=f"(mma_acc_f_124[1]), "=f"(mma_acc_f_124[2]), "=f"(mma_acc_f_124[3]) : "r"(mma_a_h_104[0]), "r"(mma_a_h_104[1]), "r"(mma_a_h_104[2]), "r"(mma_a_h_104[3]), "r"(mma_b_h_108[0]), "r"(mma_b_h_108[1]), "f"(ul_63[0]), "f"(ul_63[1]), "f"(ul_63[2]), "f"(ul_63[3]));
    float mma_acc_f_125[4];
    asm volatile("mma.sync.aligned.m16n8k16.row.col.f32.f16.f16.f32 {%0,%1,%2,%3}, {%4,%5,%6,%7}, {%8,%9}, {%10,%11,%12,%13};" : "=f"(mma_acc_f_125[0]), "=f"(mma_acc_f_125[1]), "=f"(mma_acc_f_125[2]), "=f"(mma_acc_f_125[3]) : "r"(mma_a_h_104[0]), "r"(mma_a_h_104[1]), "r"(mma_a_h_104[2]), "r"(mma_a_h_104[3]), "r"(mma_b_h_109[0]), "r"(mma_b_h_109[1]), "f"(ul_64[0]), "f"(ul_64[1]), "f"(ul_64[2]), "f"(ul_64[3]));
    float mma_acc_f_126[4];
    asm volatile("mma.sync.aligned.m16n8k16.row.col.f32.f16.f16.f32 {%0,%1,%2,%3}, {%4,%5,%6,%7}, {%8,%9}, {%10,%11,%12,%13};" : "=f"(mma_acc_f_126[0]), "=f"(mma_acc_f_126[1]), "=f"(mma_acc_f_126[2]), "=f"(mma_acc_f_126[3]) : "r"(mma_a_h_104[0]), "r"(mma_a_h_104[1]), "r"(mma_a_h_104[2]), "r"(mma_a_h_104[3]), "r"(mma_b_h_110[0]), "r"(mma_b_h_110[1]), "f"(ul_65[0]), "f"(ul_65[1]), "f"(ul_65[2]), "f"(ul_65[3]));
    float mma_acc_f_127[4];
    asm volatile("mma.sync.aligned.m16n8k16.row.col.f32.f16.f16.f32 {%0,%1,%2,%3}, {%4,%5,%6,%7}, {%8,%9}, {%10,%11,%12,%13};" : "=f"(mma_acc_f_127[0]), "=f"(mma_acc_f_127[1]), "=f"(mma_acc_f_127[2]), "=f"(mma_acc_f_127[3]) : "r"(mma_a_h_104[0]), "r"(mma_a_h_104[1]), "r"(mma_a_h_104[2]), "r"(mma_a_h_104[3]), "r"(mma_b_h_111[0]), "r"(mma_b_h_111[1]), "f"(ul_66[0]), "f"(ul_66[1]), "f"(ul_66[2]), "f"(ul_66[3]));
    float mma_acc_f_128[4];
    asm volatile("mma.sync.aligned.m16n8k16.row.col.f32.f16.f16.f32 {%0,%1,%2,%3}, {%4,%5,%6,%7}, {%8,%9}, {%10,%11,%12,%13};" : "=f"(mma_acc_f_128[0]), "=f"(mma_acc_f_128[1]), "=f"(mma_acc_f_128[2]), "=f"(mma_acc_f_128[3]) : "r"(mma_a_h_104[0]), "r"(mma_a_h_104[1]), "r"(mma_a_h_104[2]), "r"(mma_a_h_104[3]), "r"(mma_b_h_112[0]), "r"(mma_b_h_112[1]), "f"(ul_67[0]), "f"(ul_67[1]), "f"(ul_67[2]), "f"(ul_67[3]));
    __syncthreads();
    i_129  =  i_68 + 1;
    ul_52[0]  =  mma_acc_f_113[0];
    ul_52[1]  =  mma_acc_f_113[1];
    ul_52[2]  =  mma_acc_f_113[2];
    ul_52[3]  =  mma_acc_f_113[3];
    ul_53[0]  =  mma_acc_f_114[0];
    ul_53[1]  =  mma_acc_f_114[1];
    ul_53[2]  =  mma_acc_f_114[2];
    ul_53[3]  =  mma_acc_f_114[3];
    ul_54[0]  =  mma_acc_f_115[0];
    ul_54[1]  =  mma_acc_f_115[1];
    ul_54[2]  =  mma_acc_f_115[2];
    ul_54[3]  =  mma_acc_f_115[3];
    ul_55[0]  =  mma_acc_f_116[0];
    ul_55[1]  =  mma_acc_f_116[1];
    ul_55[2]  =  mma_acc_f_116[2];
    ul_55[3]  =  mma_acc_f_116[3];
    ul_56[0]  =  mma_acc_f_117[0];
    ul_56[1]  =  mma_acc_f_117[1];
    ul_56[2]  =  mma_acc_f_117[2];
    ul_56[3]  =  mma_acc_f_117[3];
    ul_57[0]  =  mma_acc_f_118[0];
    ul_57[1]  =  mma_acc_f_118[1];
    ul_57[2]  =  mma_acc_f_118[2];
    ul_57[3]  =  mma_acc_f_118[3];
    ul_58[0]  =  mma_acc_f_119[0];
    ul_58[1]  =  mma_acc_f_119[1];
    ul_58[2]  =  mma_acc_f_119[2];
    ul_58[3]  =  mma_acc_f_119[3];
    ul_59[0]  =  mma_acc_f_120[0];
    ul_59[1]  =  mma_acc_f_120[1];
    ul_59[2]  =  mma_acc_f_120[2];
    ul_59[3]  =  mma_acc_f_120[3];
    ul_60[0]  =  mma_acc_f_121[0];
    ul_60[1]  =  mma_acc_f_121[1];
    ul_60[2]  =  mma_acc_f_121[2];
    ul_60[3]  =  mma_acc_f_121[3];
    ul_61[0]  =  mma_acc_f_122[0];
    ul_61[1]  =  mma_acc_f_122[1];
    ul_61[2]  =  mma_acc_f_122[2];
    ul_61[3]  =  mma_acc_f_122[3];
    ul_62[0]  =  mma_acc_f_123[0];
    ul_62[1]  =  mma_acc_f_123[1];
    ul_62[2]  =  mma_acc_f_123[2];
    ul_62[3]  =  mma_acc_f_123[3];
    ul_63[0]  =  mma_acc_f_124[0];
    ul_63[1]  =  mma_acc_f_124[1];
    ul_63[2]  =  mma_acc_f_124[2];
    ul_63[3]  =  mma_acc_f_124[3];
    ul_64[0]  =  mma_acc_f_125[0];
    ul_64[1]  =  mma_acc_f_125[1];
    ul_64[2]  =  mma_acc_f_125[2];
    ul_64[3]  =  mma_acc_f_125[3];
    ul_65[0]  =  mma_acc_f_126[0];
    ul_65[1]  =  mma_acc_f_126[1];
    ul_65[2]  =  mma_acc_f_126[2];
    ul_65[3]  =  mma_acc_f_126[3];
    ul_66[0]  =  mma_acc_f_127[0];
    ul_66[1]  =  mma_acc_f_127[1];
    ul_66[2]  =  mma_acc_f_127[2];
    ul_66[3]  =  mma_acc_f_127[3];
    ul_67[0]  =  mma_acc_f_128[0];
    ul_67[1]  =  mma_acc_f_128[1];
    ul_67[2]  =  mma_acc_f_128[2];
    ul_67[3]  =  mma_acc_f_128[3];
    i_68  =  i_129;
  }  // B1
  // BLOCK 9
  i_130  =  i_45 << 5;
  i_131  =  i_130 + i_51;
  i_132  =  i_26 << 6;
  i_133  =  i_132 + i_49;
  {
    unsigned __lane = threadIdx.x & 31u;
    unsigned __rit0 = (__lane >> 2);
    unsigned __cit0 = ((__lane & 3u) << 1);
    unsigned __idx0 = (i_131 + __rit0) * 512 + (i_133 + __cit0);
    ((float *) ((char *) ul_2 + 16u))[__idx0] = ul_52[0];
    unsigned __rit1 = (__lane >> 2);
    unsigned __cit1 = ((__lane & 3u) << 1) + 1u;
    unsigned __idx1 = (i_131 + __rit1) * 512 + (i_133 + __cit1);
    ((float *) ((char *) ul_2 + 16u))[__idx1] = ul_52[1];
    unsigned __rit2 = (__lane >> 2) + 8u;
    unsigned __cit2 = ((__lane & 3u) << 1);
    unsigned __idx2 = (i_131 + __rit2) * 512 + (i_133 + __cit2);
    ((float *) ((char *) ul_2 + 16u))[__idx2] = ul_52[2];
    unsigned __rit3 = (__lane >> 2) + 8u;
    unsigned __cit3 = ((__lane & 3u) << 1) + 1u;
    unsigned __idx3 = (i_131 + __rit3) * 512 + (i_133 + __cit3);
    ((float *) ((char *) ul_2 + 16u))[__idx3] = ul_52[3];
  }
  i_134  =  i_133 + 8;
  {
    unsigned __lane = threadIdx.x & 31u;
    unsigned __rit0 = (__lane >> 2);
    unsigned __cit0 = ((__lane & 3u) << 1);
    unsigned __idx0 = (i_131 + __rit0) * 512 + (i_134 + __cit0);
    ((float *) ((char *) ul_2 + 16u))[__idx0] = ul_53[0];
    unsigned __rit1 = (__lane >> 2);
    unsigned __cit1 = ((__lane & 3u) << 1) + 1u;
    unsigned __idx1 = (i_131 + __rit1) * 512 + (i_134 + __cit1);
    ((float *) ((char *) ul_2 + 16u))[__idx1] = ul_53[1];
    unsigned __rit2 = (__lane >> 2) + 8u;
    unsigned __cit2 = ((__lane & 3u) << 1);
    unsigned __idx2 = (i_131 + __rit2) * 512 + (i_134 + __cit2);
    ((float *) ((char *) ul_2 + 16u))[__idx2] = ul_53[2];
    unsigned __rit3 = (__lane >> 2) + 8u;
    unsigned __cit3 = ((__lane & 3u) << 1) + 1u;
    unsigned __idx3 = (i_131 + __rit3) * 512 + (i_134 + __cit3);
    ((float *) ((char *) ul_2 + 16u))[__idx3] = ul_53[3];
  }
  i_135  =  i_133 + 16;
  {
    unsigned __lane = threadIdx.x & 31u;
    unsigned __rit0 = (__lane >> 2);
    unsigned __cit0 = ((__lane & 3u) << 1);
    unsigned __idx0 = (i_131 + __rit0) * 512 + (i_135 + __cit0);
    ((float *) ((char *) ul_2 + 16u))[__idx0] = ul_54[0];
    unsigned __rit1 = (__lane >> 2);
    unsigned __cit1 = ((__lane & 3u) << 1) + 1u;
    unsigned __idx1 = (i_131 + __rit1) * 512 + (i_135 + __cit1);
    ((float *) ((char *) ul_2 + 16u))[__idx1] = ul_54[1];
    unsigned __rit2 = (__lane >> 2) + 8u;
    unsigned __cit2 = ((__lane & 3u) << 1);
    unsigned __idx2 = (i_131 + __rit2) * 512 + (i_135 + __cit2);
    ((float *) ((char *) ul_2 + 16u))[__idx2] = ul_54[2];
    unsigned __rit3 = (__lane >> 2) + 8u;
    unsigned __cit3 = ((__lane & 3u) << 1) + 1u;
    unsigned __idx3 = (i_131 + __rit3) * 512 + (i_135 + __cit3);
    ((float *) ((char *) ul_2 + 16u))[__idx3] = ul_54[3];
  }
  i_136  =  i_133 + 24;
  {
    unsigned __lane = threadIdx.x & 31u;
    unsigned __rit0 = (__lane >> 2);
    unsigned __cit0 = ((__lane & 3u) << 1);
    unsigned __idx0 = (i_131 + __rit0) * 512 + (i_136 + __cit0);
    ((float *) ((char *) ul_2 + 16u))[__idx0] = ul_55[0];
    unsigned __rit1 = (__lane >> 2);
    unsigned __cit1 = ((__lane & 3u) << 1) + 1u;
    unsigned __idx1 = (i_131 + __rit1) * 512 + (i_136 + __cit1);
    ((float *) ((char *) ul_2 + 16u))[__idx1] = ul_55[1];
    unsigned __rit2 = (__lane >> 2) + 8u;
    unsigned __cit2 = ((__lane & 3u) << 1);
    unsigned __idx2 = (i_131 + __rit2) * 512 + (i_136 + __cit2);
    ((float *) ((char *) ul_2 + 16u))[__idx2] = ul_55[2];
    unsigned __rit3 = (__lane >> 2) + 8u;
    unsigned __cit3 = ((__lane & 3u) << 1) + 1u;
    unsigned __idx3 = (i_131 + __rit3) * 512 + (i_136 + __cit3);
    ((float *) ((char *) ul_2 + 16u))[__idx3] = ul_55[3];
  }
  i_137  =  i_133 + 32;
  {
    unsigned __lane = threadIdx.x & 31u;
    unsigned __rit0 = (__lane >> 2);
    unsigned __cit0 = ((__lane & 3u) << 1);
    unsigned __idx0 = (i_131 + __rit0) * 512 + (i_137 + __cit0);
    ((float *) ((char *) ul_2 + 16u))[__idx0] = ul_56[0];
    unsigned __rit1 = (__lane >> 2);
    unsigned __cit1 = ((__lane & 3u) << 1) + 1u;
    unsigned __idx1 = (i_131 + __rit1) * 512 + (i_137 + __cit1);
    ((float *) ((char *) ul_2 + 16u))[__idx1] = ul_56[1];
    unsigned __rit2 = (__lane >> 2) + 8u;
    unsigned __cit2 = ((__lane & 3u) << 1);
    unsigned __idx2 = (i_131 + __rit2) * 512 + (i_137 + __cit2);
    ((float *) ((char *) ul_2 + 16u))[__idx2] = ul_56[2];
    unsigned __rit3 = (__lane >> 2) + 8u;
    unsigned __cit3 = ((__lane & 3u) << 1) + 1u;
    unsigned __idx3 = (i_131 + __rit3) * 512 + (i_137 + __cit3);
    ((float *) ((char *) ul_2 + 16u))[__idx3] = ul_56[3];
  }
  i_138  =  i_133 + 40;
  {
    unsigned __lane = threadIdx.x & 31u;
    unsigned __rit0 = (__lane >> 2);
    unsigned __cit0 = ((__lane & 3u) << 1);
    unsigned __idx0 = (i_131 + __rit0) * 512 + (i_138 + __cit0);
    ((float *) ((char *) ul_2 + 16u))[__idx0] = ul_57[0];
    unsigned __rit1 = (__lane >> 2);
    unsigned __cit1 = ((__lane & 3u) << 1) + 1u;
    unsigned __idx1 = (i_131 + __rit1) * 512 + (i_138 + __cit1);
    ((float *) ((char *) ul_2 + 16u))[__idx1] = ul_57[1];
    unsigned __rit2 = (__lane >> 2) + 8u;
    unsigned __cit2 = ((__lane & 3u) << 1);
    unsigned __idx2 = (i_131 + __rit2) * 512 + (i_138 + __cit2);
    ((float *) ((char *) ul_2 + 16u))[__idx2] = ul_57[2];
    unsigned __rit3 = (__lane >> 2) + 8u;
    unsigned __cit3 = ((__lane & 3u) << 1) + 1u;
    unsigned __idx3 = (i_131 + __rit3) * 512 + (i_138 + __cit3);
    ((float *) ((char *) ul_2 + 16u))[__idx3] = ul_57[3];
  }
  i_139  =  i_133 + 48;
  {
    unsigned __lane = threadIdx.x & 31u;
    unsigned __rit0 = (__lane >> 2);
    unsigned __cit0 = ((__lane & 3u) << 1);
    unsigned __idx0 = (i_131 + __rit0) * 512 + (i_139 + __cit0);
    ((float *) ((char *) ul_2 + 16u))[__idx0] = ul_58[0];
    unsigned __rit1 = (__lane >> 2);
    unsigned __cit1 = ((__lane & 3u) << 1) + 1u;
    unsigned __idx1 = (i_131 + __rit1) * 512 + (i_139 + __cit1);
    ((float *) ((char *) ul_2 + 16u))[__idx1] = ul_58[1];
    unsigned __rit2 = (__lane >> 2) + 8u;
    unsigned __cit2 = ((__lane & 3u) << 1);
    unsigned __idx2 = (i_131 + __rit2) * 512 + (i_139 + __cit2);
    ((float *) ((char *) ul_2 + 16u))[__idx2] = ul_58[2];
    unsigned __rit3 = (__lane >> 2) + 8u;
    unsigned __cit3 = ((__lane & 3u) << 1) + 1u;
    unsigned __idx3 = (i_131 + __rit3) * 512 + (i_139 + __cit3);
    ((float *) ((char *) ul_2 + 16u))[__idx3] = ul_58[3];
  }
  i_140  =  i_133 + 56;
  {
    unsigned __lane = threadIdx.x & 31u;
    unsigned __rit0 = (__lane >> 2);
    unsigned __cit0 = ((__lane & 3u) << 1);
    unsigned __idx0 = (i_131 + __rit0) * 512 + (i_140 + __cit0);
    ((float *) ((char *) ul_2 + 16u))[__idx0] = ul_59[0];
    unsigned __rit1 = (__lane >> 2);
    unsigned __cit1 = ((__lane & 3u) << 1) + 1u;
    unsigned __idx1 = (i_131 + __rit1) * 512 + (i_140 + __cit1);
    ((float *) ((char *) ul_2 + 16u))[__idx1] = ul_59[1];
    unsigned __rit2 = (__lane >> 2) + 8u;
    unsigned __cit2 = ((__lane & 3u) << 1);
    unsigned __idx2 = (i_131 + __rit2) * 512 + (i_140 + __cit2);
    ((float *) ((char *) ul_2 + 16u))[__idx2] = ul_59[2];
    unsigned __rit3 = (__lane >> 2) + 8u;
    unsigned __cit3 = ((__lane & 3u) << 1) + 1u;
    unsigned __idx3 = (i_131 + __rit3) * 512 + (i_140 + __cit3);
    ((float *) ((char *) ul_2 + 16u))[__idx3] = ul_59[3];
  }
  i_141  =  i_131 + 16;
  {
    unsigned __lane = threadIdx.x & 31u;
    unsigned __rit0 = (__lane >> 2);
    unsigned __cit0 = ((__lane & 3u) << 1);
    unsigned __idx0 = (i_141 + __rit0) * 512 + (i_133 + __cit0);
    ((float *) ((char *) ul_2 + 16u))[__idx0] = ul_60[0];
    unsigned __rit1 = (__lane >> 2);
    unsigned __cit1 = ((__lane & 3u) << 1) + 1u;
    unsigned __idx1 = (i_141 + __rit1) * 512 + (i_133 + __cit1);
    ((float *) ((char *) ul_2 + 16u))[__idx1] = ul_60[1];
    unsigned __rit2 = (__lane >> 2) + 8u;
    unsigned __cit2 = ((__lane & 3u) << 1);
    unsigned __idx2 = (i_141 + __rit2) * 512 + (i_133 + __cit2);
    ((float *) ((char *) ul_2 + 16u))[__idx2] = ul_60[2];
    unsigned __rit3 = (__lane >> 2) + 8u;
    unsigned __cit3 = ((__lane & 3u) << 1) + 1u;
    unsigned __idx3 = (i_141 + __rit3) * 512 + (i_133 + __cit3);
    ((float *) ((char *) ul_2 + 16u))[__idx3] = ul_60[3];
  }
  {
    unsigned __lane = threadIdx.x & 31u;
    unsigned __rit0 = (__lane >> 2);
    unsigned __cit0 = ((__lane & 3u) << 1);
    unsigned __idx0 = (i_141 + __rit0) * 512 + (i_134 + __cit0);
    ((float *) ((char *) ul_2 + 16u))[__idx0] = ul_61[0];
    unsigned __rit1 = (__lane >> 2);
    unsigned __cit1 = ((__lane & 3u) << 1) + 1u;
    unsigned __idx1 = (i_141 + __rit1) * 512 + (i_134 + __cit1);
    ((float *) ((char *) ul_2 + 16u))[__idx1] = ul_61[1];
    unsigned __rit2 = (__lane >> 2) + 8u;
    unsigned __cit2 = ((__lane & 3u) << 1);
    unsigned __idx2 = (i_141 + __rit2) * 512 + (i_134 + __cit2);
    ((float *) ((char *) ul_2 + 16u))[__idx2] = ul_61[2];
    unsigned __rit3 = (__lane >> 2) + 8u;
    unsigned __cit3 = ((__lane & 3u) << 1) + 1u;
    unsigned __idx3 = (i_141 + __rit3) * 512 + (i_134 + __cit3);
    ((float *) ((char *) ul_2 + 16u))[__idx3] = ul_61[3];
  }
  {
    unsigned __lane = threadIdx.x & 31u;
    unsigned __rit0 = (__lane >> 2);
    unsigned __cit0 = ((__lane & 3u) << 1);
    unsigned __idx0 = (i_141 + __rit0) * 512 + (i_135 + __cit0);
    ((float *) ((char *) ul_2 + 16u))[__idx0] = ul_62[0];
    unsigned __rit1 = (__lane >> 2);
    unsigned __cit1 = ((__lane & 3u) << 1) + 1u;
    unsigned __idx1 = (i_141 + __rit1) * 512 + (i_135 + __cit1);
    ((float *) ((char *) ul_2 + 16u))[__idx1] = ul_62[1];
    unsigned __rit2 = (__lane >> 2) + 8u;
    unsigned __cit2 = ((__lane & 3u) << 1);
    unsigned __idx2 = (i_141 + __rit2) * 512 + (i_135 + __cit2);
    ((float *) ((char *) ul_2 + 16u))[__idx2] = ul_62[2];
    unsigned __rit3 = (__lane >> 2) + 8u;
    unsigned __cit3 = ((__lane & 3u) << 1) + 1u;
    unsigned __idx3 = (i_141 + __rit3) * 512 + (i_135 + __cit3);
    ((float *) ((char *) ul_2 + 16u))[__idx3] = ul_62[3];
  }
  {
    unsigned __lane = threadIdx.x & 31u;
    unsigned __rit0 = (__lane >> 2);
    unsigned __cit0 = ((__lane & 3u) << 1);
    unsigned __idx0 = (i_141 + __rit0) * 512 + (i_136 + __cit0);
    ((float *) ((char *) ul_2 + 16u))[__idx0] = ul_63[0];
    unsigned __rit1 = (__lane >> 2);
    unsigned __cit1 = ((__lane & 3u) << 1) + 1u;
    unsigned __idx1 = (i_141 + __rit1) * 512 + (i_136 + __cit1);
    ((float *) ((char *) ul_2 + 16u))[__idx1] = ul_63[1];
    unsigned __rit2 = (__lane >> 2) + 8u;
    unsigned __cit2 = ((__lane & 3u) << 1);
    unsigned __idx2 = (i_141 + __rit2) * 512 + (i_136 + __cit2);
    ((float *) ((char *) ul_2 + 16u))[__idx2] = ul_63[2];
    unsigned __rit3 = (__lane >> 2) + 8u;
    unsigned __cit3 = ((__lane & 3u) << 1) + 1u;
    unsigned __idx3 = (i_141 + __rit3) * 512 + (i_136 + __cit3);
    ((float *) ((char *) ul_2 + 16u))[__idx3] = ul_63[3];
  }
  {
    unsigned __lane = threadIdx.x & 31u;
    unsigned __rit0 = (__lane >> 2);
    unsigned __cit0 = ((__lane & 3u) << 1);
    unsigned __idx0 = (i_141 + __rit0) * 512 + (i_137 + __cit0);
    ((float *) ((char *) ul_2 + 16u))[__idx0] = ul_64[0];
    unsigned __rit1 = (__lane >> 2);
    unsigned __cit1 = ((__lane & 3u) << 1) + 1u;
    unsigned __idx1 = (i_141 + __rit1) * 512 + (i_137 + __cit1);
    ((float *) ((char *) ul_2 + 16u))[__idx1] = ul_64[1];
    unsigned __rit2 = (__lane >> 2) + 8u;
    unsigned __cit2 = ((__lane & 3u) << 1);
    unsigned __idx2 = (i_141 + __rit2) * 512 + (i_137 + __cit2);
    ((float *) ((char *) ul_2 + 16u))[__idx2] = ul_64[2];
    unsigned __rit3 = (__lane >> 2) + 8u;
    unsigned __cit3 = ((__lane & 3u) << 1) + 1u;
    unsigned __idx3 = (i_141 + __rit3) * 512 + (i_137 + __cit3);
    ((float *) ((char *) ul_2 + 16u))[__idx3] = ul_64[3];
  }
  {
    unsigned __lane = threadIdx.x & 31u;
    unsigned __rit0 = (__lane >> 2);
    unsigned __cit0 = ((__lane & 3u) << 1);
    unsigned __idx0 = (i_141 + __rit0) * 512 + (i_138 + __cit0);
    ((float *) ((char *) ul_2 + 16u))[__idx0] = ul_65[0];
    unsigned __rit1 = (__lane >> 2);
    unsigned __cit1 = ((__lane & 3u) << 1) + 1u;
    unsigned __idx1 = (i_141 + __rit1) * 512 + (i_138 + __cit1);
    ((float *) ((char *) ul_2 + 16u))[__idx1] = ul_65[1];
    unsigned __rit2 = (__lane >> 2) + 8u;
    unsigned __cit2 = ((__lane & 3u) << 1);
    unsigned __idx2 = (i_141 + __rit2) * 512 + (i_138 + __cit2);
    ((float *) ((char *) ul_2 + 16u))[__idx2] = ul_65[2];
    unsigned __rit3 = (__lane >> 2) + 8u;
    unsigned __cit3 = ((__lane & 3u) << 1) + 1u;
    unsigned __idx3 = (i_141 + __rit3) * 512 + (i_138 + __cit3);
    ((float *) ((char *) ul_2 + 16u))[__idx3] = ul_65[3];
  }
  {
    unsigned __lane = threadIdx.x & 31u;
    unsigned __rit0 = (__lane >> 2);
    unsigned __cit0 = ((__lane & 3u) << 1);
    unsigned __idx0 = (i_141 + __rit0) * 512 + (i_139 + __cit0);
    ((float *) ((char *) ul_2 + 16u))[__idx0] = ul_66[0];
    unsigned __rit1 = (__lane >> 2);
    unsigned __cit1 = ((__lane & 3u) << 1) + 1u;
    unsigned __idx1 = (i_141 + __rit1) * 512 + (i_139 + __cit1);
    ((float *) ((char *) ul_2 + 16u))[__idx1] = ul_66[1];
    unsigned __rit2 = (__lane >> 2) + 8u;
    unsigned __cit2 = ((__lane & 3u) << 1);
    unsigned __idx2 = (i_141 + __rit2) * 512 + (i_139 + __cit2);
    ((float *) ((char *) ul_2 + 16u))[__idx2] = ul_66[2];
    unsigned __rit3 = (__lane >> 2) + 8u;
    unsigned __cit3 = ((__lane & 3u) << 1) + 1u;
    unsigned __idx3 = (i_141 + __rit3) * 512 + (i_139 + __cit3);
    ((float *) ((char *) ul_2 + 16u))[__idx3] = ul_66[3];
  }
  {
    unsigned __lane = threadIdx.x & 31u;
    unsigned __rit0 = (__lane >> 2);
    unsigned __cit0 = ((__lane & 3u) << 1);
    unsigned __idx0 = (i_141 + __rit0) * 512 + (i_140 + __cit0);
    ((float *) ((char *) ul_2 + 16u))[__idx0] = ul_67[0];
    unsigned __rit1 = (__lane >> 2);
    unsigned __cit1 = ((__lane & 3u) << 1) + 1u;
    unsigned __idx1 = (i_141 + __rit1) * 512 + (i_140 + __cit1);
    ((float *) ((char *) ul_2 + 16u))[__idx1] = ul_67[1];
    unsigned __rit2 = (__lane >> 2) + 8u;
    unsigned __cit2 = ((__lane & 3u) << 1);
    unsigned __idx2 = (i_141 + __rit2) * 512 + (i_140 + __cit2);
    ((float *) ((char *) ul_2 + 16u))[__idx2] = ul_67[2];
    unsigned __rit3 = (__lane >> 2) + 8u;
    unsigned __cit3 = ((__lane & 3u) << 1) + 1u;
    unsigned __idx3 = (i_141 + __rit3) * 512 + (i_140 + __cit3);
    ((float *) ((char *) ul_2 + 16u))[__idx3] = ul_67[3];
  }
  return;
}  //  kernel

extern "C" __global__ void gemmMMABF16(long long *_kernel_context, unsigned char *_constant_region, unsigned char *_local_region, int *_atomics, unsigned char *arg1, unsigned char *arg2, unsigned char *arg3, int arg4, int arg5, int arg6)
{
  unsigned long long ul_0, ul_1, ul_2, ul_86, ul_92, ul_122, ul_128; 
  int i_21, i_22, i_23, i_24, i_25, i_26, i_27, i_28, i_29, i_30, i_31, i_32, i_33, i_34, i_35, i_36, i_37, i_38, i_39, i_40, i_41, i_42, i_43, i_44, i_45, i_46, i_47, i_48, i_49, i_50, i_51, i_52, i_69, i_70, i_71, i_72, i_73, i_74, i_75, i_76, i_77, i_78, i_79, i_80, i_81, i_82, i_88, i_94, i_95, i_100, i_101, i_102, i_103, i_104, i_105, i_106, i_107, i_108, i_109, i_110, i_111, i_112, i_113, i_114, i_115, i_116, i_117, i_118, i_124, i_134, i_161, i_162, i_163, i_164, i_165, i_166, i_167, i_168, i_169, i_170, i_171, i_172, i_173; 
  long long l_83, l_84, l_85, l_89, l_90, l_91, l_119, l_120, l_121, l_125, l_126, l_127; 
  short sh_87, sh_93, sh_123, sh_129; 
  unsigned int ui_96, ui_97, ui_98, ui_99, ui_130, ui_131, ui_132, ui_133; 
  float ul_53[4];
  float ul_54[4];
  float ul_55[4];
  float ul_56[4];
  float ul_57[4];
  float ul_58[4];
  float ul_59[4];
  float ul_60[4];
  float ul_61[4];
  float ul_62[4];
  float ul_63[4];
  float ul_64[4];
  float ul_65[4];
  float ul_66[4];
  float ul_67[4];
  float ul_68[4];

  // BLOCK 0
  ul_0  =  (unsigned long long) arg1;
  ul_1  =  (unsigned long long) arg2;
  ul_2  =  (unsigned long long) arg3;
  __shared__ int adi_3[1024];
  __shared__ int adi_4[1024];
  float mma_acc_f_5[4];
  mma_acc_f_5[0] = 0.0F;
  mma_acc_f_5[1] = 0.0F;
  mma_acc_f_5[2] = 0.0F;
  mma_acc_f_5[3] = 0.0F;
  float mma_acc_f_6[4];
  mma_acc_f_6[0] = 0.0F;
  mma_acc_f_6[1] = 0.0F;
  mma_acc_f_6[2] = 0.0F;
  mma_acc_f_6[3] = 0.0F;
  float mma_acc_f_7[4];
  mma_acc_f_7[0] = 0.0F;
  mma_acc_f_7[1] = 0.0F;
  mma_acc_f_7[2] = 0.0F;
  mma_acc_f_7[3] = 0.0F;
  float mma_acc_f_8[4];
  mma_acc_f_8[0] = 0.0F;
  mma_acc_f_8[1] = 0.0F;
  mma_acc_f_8[2] = 0.0F;
  mma_acc_f_8[3] = 0.0F;
  float mma_acc_f_9[4];
  mma_acc_f_9[0] = 0.0F;
  mma_acc_f_9[1] = 0.0F;
  mma_acc_f_9[2] = 0.0F;
  mma_acc_f_9[3] = 0.0F;
  float mma_acc_f_10[4];
  mma_acc_f_10[0] = 0.0F;
  mma_acc_f_10[1] = 0.0F;
  mma_acc_f_10[2] = 0.0F;
  mma_acc_f_10[3] = 0.0F;
  float mma_acc_f_11[4];
  mma_acc_f_11[0] = 0.0F;
  mma_acc_f_11[1] = 0.0F;
  mma_acc_f_11[2] = 0.0F;
  mma_acc_f_11[3] = 0.0F;
  float mma_acc_f_12[4];
  mma_acc_f_12[0] = 0.0F;
  mma_acc_f_12[1] = 0.0F;
  mma_acc_f_12[2] = 0.0F;
  mma_acc_f_12[3] = 0.0F;
  float mma_acc_f_13[4];
  mma_acc_f_13[0] = 0.0F;
  mma_acc_f_13[1] = 0.0F;
  mma_acc_f_13[2] = 0.0F;
  mma_acc_f_13[3] = 0.0F;
  float mma_acc_f_14[4];
  mma_acc_f_14[0] = 0.0F;
  mma_acc_f_14[1] = 0.0F;
  mma_acc_f_14[2] = 0.0F;
  mma_acc_f_14[3] = 0.0F;
  float mma_acc_f_15[4];
  mma_acc_f_15[0] = 0.0F;
  mma_acc_f_15[1] = 0.0F;
  mma_acc_f_15[2] = 0.0F;
  mma_acc_f_15[3] = 0.0F;
  float mma_acc_f_16[4];
  mma_acc_f_16[0] = 0.0F;
  mma_acc_f_16[1] = 0.0F;
  mma_acc_f_16[2] = 0.0F;
  mma_acc_f_16[3] = 0.0F;
  float mma_acc_f_17[4];
  mma_acc_f_17[0] = 0.0F;
  mma_acc_f_17[1] = 0.0F;
  mma_acc_f_17[2] = 0.0F;
  mma_acc_f_17[3] = 0.0F;
  float mma_acc_f_18[4];
  mma_acc_f_18[0] = 0.0F;
  mma_acc_f_18[1] = 0.0F;
  mma_acc_f_18[2] = 0.0F;
  mma_acc_f_18[3] = 0.0F;
  float mma_acc_f_19[4];
  mma_acc_f_19[0] = 0.0F;
  mma_acc_f_19[1] = 0.0F;
  mma_acc_f_19[2] = 0.0F;
  mma_acc_f_19[3] = 0.0F;
  float mma_acc_f_20[4];
  mma_acc_f_20[0] = 0.0F;
  mma_acc_f_20[1] = 0.0F;
  mma_acc_f_20[2] = 0.0F;
  mma_acc_f_20[3] = 0.0F;
  i_21  =  (threadIdx.x);
  i_22  =  i_21 >> 31;
  i_23  =  i_22 >> 27;
  i_24  =  i_23 + i_21;
  i_25  =  i_24 >> 5;
  i_26  =  i_25 % 2;
  i_27  =  i_26 << 3;
  i_28  =  i_27 + 7;
  i_29  =  i_28 << 8;
  i_30  =  i_27 + 6;
  i_31  =  i_30 << 8;
  i_32  =  i_27 + 5;
  i_33  =  i_32 << 8;
  i_34  =  i_27 + 4;
  i_35  =  i_34 << 8;
  i_36  =  i_27 + 3;
  i_37  =  i_36 << 8;
  i_38  =  i_27 + 2;
  i_39  =  i_38 << 8;
  i_40  =  i_27 + 1;
  i_41  =  i_40 << 8;
  i_42  =  i_26 << 11;
  i_43  =  i_24 >> 31;
  i_44  =  i_43 + i_25;
  i_45  =  i_44 >> 1;
  i_46  =  i_45 << 10;
  i_47  =  i_46 + 512;
  i_48  =  (blockIdx.y);
  i_49  =  i_48 << 7;
  i_50  =  i_49 + 1;
  i_51  =  (blockIdx.x);
  i_52  =  i_51 << 7;
  // BLOCK 1 MERGES [0 8 ]
  ul_53[0]  =  mma_acc_f_5[0];
  ul_53[1]  =  mma_acc_f_5[1];
  ul_53[2]  =  mma_acc_f_5[2];
  ul_53[3]  =  mma_acc_f_5[3];
  ul_54[0]  =  mma_acc_f_6[0];
  ul_54[1]  =  mma_acc_f_6[1];
  ul_54[2]  =  mma_acc_f_6[2];
  ul_54[3]  =  mma_acc_f_6[3];
  ul_55[0]  =  mma_acc_f_7[0];
  ul_55[1]  =  mma_acc_f_7[1];
  ul_55[2]  =  mma_acc_f_7[2];
  ul_55[3]  =  mma_acc_f_7[3];
  ul_56[0]  =  mma_acc_f_8[0];
  ul_56[1]  =  mma_acc_f_8[1];
  ul_56[2]  =  mma_acc_f_8[2];
  ul_56[3]  =  mma_acc_f_8[3];
  ul_57[0]  =  mma_acc_f_9[0];
  ul_57[1]  =  mma_acc_f_9[1];
  ul_57[2]  =  mma_acc_f_9[2];
  ul_57[3]  =  mma_acc_f_9[3];
  ul_58[0]  =  mma_acc_f_10[0];
  ul_58[1]  =  mma_acc_f_10[1];
  ul_58[2]  =  mma_acc_f_10[2];
  ul_58[3]  =  mma_acc_f_10[3];
  ul_59[0]  =  mma_acc_f_11[0];
  ul_59[1]  =  mma_acc_f_11[1];
  ul_59[2]  =  mma_acc_f_11[2];
  ul_59[3]  =  mma_acc_f_11[3];
  ul_60[0]  =  mma_acc_f_12[0];
  ul_60[1]  =  mma_acc_f_12[1];
  ul_60[2]  =  mma_acc_f_12[2];
  ul_60[3]  =  mma_acc_f_12[3];
  ul_61[0]  =  mma_acc_f_13[0];
  ul_61[1]  =  mma_acc_f_13[1];
  ul_61[2]  =  mma_acc_f_13[2];
  ul_61[3]  =  mma_acc_f_13[3];
  ul_62[0]  =  mma_acc_f_14[0];
  ul_62[1]  =  mma_acc_f_14[1];
  ul_62[2]  =  mma_acc_f_14[2];
  ul_62[3]  =  mma_acc_f_14[3];
  ul_63[0]  =  mma_acc_f_15[0];
  ul_63[1]  =  mma_acc_f_15[1];
  ul_63[2]  =  mma_acc_f_15[2];
  ul_63[3]  =  mma_acc_f_15[3];
  ul_64[0]  =  mma_acc_f_16[0];
  ul_64[1]  =  mma_acc_f_16[1];
  ul_64[2]  =  mma_acc_f_16[2];
  ul_64[3]  =  mma_acc_f_16[3];
  ul_65[0]  =  mma_acc_f_17[0];
  ul_65[1]  =  mma_acc_f_17[1];
  ul_65[2]  =  mma_acc_f_17[2];
  ul_65[3]  =  mma_acc_f_17[3];
  ul_66[0]  =  mma_acc_f_18[0];
  ul_66[1]  =  mma_acc_f_18[1];
  ul_66[2]  =  mma_acc_f_18[2];
  ul_66[3]  =  mma_acc_f_18[3];
  ul_67[0]  =  mma_acc_f_19[0];
  ul_67[1]  =  mma_acc_f_19[1];
  ul_67[2]  =  mma_acc_f_19[2];
  ul_67[3]  =  mma_acc_f_19[3];
  ul_68[0]  =  mma_acc_f_20[0];
  ul_68[1]  =  mma_acc_f_20[1];
  ul_68[2]  =  mma_acc_f_20[2];
  ul_68[3]  =  mma_acc_f_20[3];
  i_69  =  0;
  for(;i_69 < 32;)
  {
    // BLOCK 2
    i_70  =  i_69 << 4;
    i_71  =  i_70 + 1;
    // BLOCK 3 MERGES [2 4 ]
    i_72  =  i_21;
    for(;i_72 < 1024;)
    {
      // BLOCK 4
      i_73  =  i_72 % 8;
      i_74  =  i_73 << 1;
      i_75  =  i_72 >> 31;
      i_76  =  i_75 >> 29;
      i_77  =  i_76 + i_72;
      i_78  =  i_77 >> 3;
      i_79  =  i_78 + i_52;
      i_80  =  i_79 << 9;
      i_81  =  i_74 + i_80;
      i_82  =  i_81 + i_70;
      l_83  =  (long long) i_82;
      l_84  =  l_83 + 8L;
      l_85  =  l_84 << 1;
      ul_86  =  ul_0 + l_85;
      sh_87  =  *(( short *) ul_86);
      i_88  =  i_71 + i_81;
      l_89  =  (long long) i_88;
      l_90  =  l_89 + 8L;
      l_91  =  l_90 << 1;
      ul_92  =  ul_0 + l_91;
      sh_93  =  *(( short *) ul_92);
      i_94  =  i_77 & -8;
      i_95  =  i_94 + i_73;
      ui_96  =  sh_93 & 65535U;
      ui_97  =  ui_96 << 16;
      ui_98  =  sh_87 & 65535U;
      ui_99  =  ui_97 | ui_98;
      adi_3[i_95]  =  ui_99;
      i_100  =  i_72 + 256;
      i_72  =  i_100;
    }  // B3
    // BLOCK 5
    // BLOCK 6 MERGES [5 7 ]
    i_101  =  i_21;
    for(;i_101 < 1024;)
    {
      // BLOCK 7
      i_102  =  i_101 % 64;
      i_103  =  i_102 % 4;
      i_104  =  i_103 << 1;
      i_105  =  i_101 >> 31;
      i_106  =  i_105 >> 26;
      i_107  =  i_106 + i_101;
      i_108  =  i_107 >> 6;
      i_109  =  i_108 << 3;
      i_110  =  i_104 + i_109;
      i_111  =  i_102 >> 31;
      i_112  =  i_111 >> 30;
      i_113  =  i_112 + i_102;
      i_114  =  i_113 >> 2;
      i_115  =  i_114 + i_70;
      i_116  =  i_115 << 9;
      i_117  =  i_110 + i_116;
      i_118  =  i_117 + i_49;
      l_119  =  (long long) i_118;
      l_120  =  l_119 + 8L;
      l_121  =  l_120 << 1;
      ul_122  =  ul_1 + l_121;
      sh_123  =  *(( short *) ul_122);
      i_124  =  i_50 + i_117;
      l_125  =  (long long) i_124;
      l_126  =  l_125 + 8L;
      l_127  =  l_126 << 1;
      ul_128  =  ul_1 + l_127;
      sh_129  =  *(( short *) ul_128);
      ui_130  =  sh_129 & 65535U;
      ui_131  =  ui_130 << 16;
      ui_132  =  sh_123 & 65535U;
      ui_133  =  ui_131 | ui_132;
      adi_4[i_101]  =  ui_133;
      i_134  =  i_101 + 256;
      i_101  =  i_134;
    }  // B6
    // BLOCK 8
    __syncthreads();
    unsigned mma_a_h_135[4];
    {
      unsigned __lane = threadIdx.x & 31u;
      unsigned __rit  = __lane & 7u;
      unsigned __grp  = __lane >> 3;
      unsigned __bo;
      unsigned __row = ((__grp & 1u) << 3) + __rit;
      unsigned __col = (__grp >> 1) << 4;
      __bo = (__row << 5) + __col;
      __bo += i_46;
      unsigned __smem;
      asm volatile("{ .reg .u64 u; cvta.to.shared.u64 u, %1; cvt.u32.u64 %0, u; }" : "=r"(__smem) : "l"((const char *) adi_3 + __bo));
      asm volatile("ldmatrix.sync.aligned.m8n8.x4.shared.b16 {%0,%1,%2,%3}, [%4];" : "=r"(mma_a_h_135[0]), "=r"(mma_a_h_135[1]), "=r"(mma_a_h_135[2]), "=r"(mma_a_h_135[3]) : "r"(__smem));
    }
    unsigned mma_a_h_136[4];
    {
      unsigned __lane = threadIdx.x & 31u;
      unsigned __rit  = __lane & 7u;
      unsigned __grp  = __lane >> 3;
      unsigned __bo;
      unsigned __row = ((__grp & 1u) << 3) + __rit;
      unsigned __col = (__grp >> 1) << 4;
      __bo = (__row << 5) + __col;
      __bo += i_47;
      unsigned __smem;
      asm volatile("{ .reg .u64 u; cvta.to.shared.u64 u, %1; cvt.u32.u64 %0, u; }" : "=r"(__smem) : "l"((const char *) adi_3 + __bo));
      asm volatile("ldmatrix.sync.aligned.m8n8.x4.shared.b16 {%0,%1,%2,%3}, [%4];" : "=r"(mma_a_h_136[0]), "=r"(mma_a_h_136[1]), "=r"(mma_a_h_136[2]), "=r"(mma_a_h_136[3]) : "r"(__smem));
    }
    unsigned mma_b_h_137[2];
    {
      unsigned __lane = threadIdx.x & 31u;
      unsigned __rit  = __lane & 7u;
      unsigned __grp  = __lane >> 3;
      unsigned __bo;
      unsigned __col = (__grp & 1u) << 7;
      __bo = (__rit << 4) + __col;
      __bo += i_42;
      unsigned __smem;
      asm volatile("{ .reg .u64 u; cvta.to.shared.u64 u, %1; cvt.u32.u64 %0, u; }" : "=r"(__smem) : "l"((const char *) adi_4 + __bo));
      asm volatile("ldmatrix.sync.aligned.m8n8.x2.trans.shared.b16 {%0,%1}, [%2];" : "=r"(mma_b_h_137[0]), "=r"(mma_b_h_137[1]) : "r"(__smem));
    }
    unsigned mma_b_h_138[2];
    {
      unsigned __lane = threadIdx.x & 31u;
      unsigned __rit  = __lane & 7u;
      unsigned __grp  = __lane >> 3;
      unsigned __bo;
      unsigned __col = (__grp & 1u) << 7;
      __bo = (__rit << 4) + __col;
      __bo += i_41;
      unsigned __smem;
      asm volatile("{ .reg .u64 u; cvta.to.shared.u64 u, %1; cvt.u32.u64 %0, u; }" : "=r"(__smem) : "l"((const char *) adi_4 + __bo));
      asm volatile("ldmatrix.sync.aligned.m8n8.x2.trans.shared.b16 {%0,%1}, [%2];" : "=r"(mma_b_h_138[0]), "=r"(mma_b_h_138[1]) : "r"(__smem));
    }
    unsigned mma_b_h_139[2];
    {
      unsigned __lane = threadIdx.x & 31u;
      unsigned __rit  = __lane & 7u;
      unsigned __grp  = __lane >> 3;
      unsigned __bo;
      unsigned __col = (__grp & 1u) << 7;
      __bo = (__rit << 4) + __col;
      __bo += i_39;
      unsigned __smem;
      asm volatile("{ .reg .u64 u; cvta.to.shared.u64 u, %1; cvt.u32.u64 %0, u; }" : "=r"(__smem) : "l"((const char *) adi_4 + __bo));
      asm volatile("ldmatrix.sync.aligned.m8n8.x2.trans.shared.b16 {%0,%1}, [%2];" : "=r"(mma_b_h_139[0]), "=r"(mma_b_h_139[1]) : "r"(__smem));
    }
    unsigned mma_b_h_140[2];
    {
      unsigned __lane = threadIdx.x & 31u;
      unsigned __rit  = __lane & 7u;
      unsigned __grp  = __lane >> 3;
      unsigned __bo;
      unsigned __col = (__grp & 1u) << 7;
      __bo = (__rit << 4) + __col;
      __bo += i_37;
      unsigned __smem;
      asm volatile("{ .reg .u64 u; cvta.to.shared.u64 u, %1; cvt.u32.u64 %0, u; }" : "=r"(__smem) : "l"((const char *) adi_4 + __bo));
      asm volatile("ldmatrix.sync.aligned.m8n8.x2.trans.shared.b16 {%0,%1}, [%2];" : "=r"(mma_b_h_140[0]), "=r"(mma_b_h_140[1]) : "r"(__smem));
    }
    unsigned mma_b_h_141[2];
    {
      unsigned __lane = threadIdx.x & 31u;
      unsigned __rit  = __lane & 7u;
      unsigned __grp  = __lane >> 3;
      unsigned __bo;
      unsigned __col = (__grp & 1u) << 7;
      __bo = (__rit << 4) + __col;
      __bo += i_35;
      unsigned __smem;
      asm volatile("{ .reg .u64 u; cvta.to.shared.u64 u, %1; cvt.u32.u64 %0, u; }" : "=r"(__smem) : "l"((const char *) adi_4 + __bo));
      asm volatile("ldmatrix.sync.aligned.m8n8.x2.trans.shared.b16 {%0,%1}, [%2];" : "=r"(mma_b_h_141[0]), "=r"(mma_b_h_141[1]) : "r"(__smem));
    }
    unsigned mma_b_h_142[2];
    {
      unsigned __lane = threadIdx.x & 31u;
      unsigned __rit  = __lane & 7u;
      unsigned __grp  = __lane >> 3;
      unsigned __bo;
      unsigned __col = (__grp & 1u) << 7;
      __bo = (__rit << 4) + __col;
      __bo += i_33;
      unsigned __smem;
      asm volatile("{ .reg .u64 u; cvta.to.shared.u64 u, %1; cvt.u32.u64 %0, u; }" : "=r"(__smem) : "l"((const char *) adi_4 + __bo));
      asm volatile("ldmatrix.sync.aligned.m8n8.x2.trans.shared.b16 {%0,%1}, [%2];" : "=r"(mma_b_h_142[0]), "=r"(mma_b_h_142[1]) : "r"(__smem));
    }
    unsigned mma_b_h_143[2];
    {
      unsigned __lane = threadIdx.x & 31u;
      unsigned __rit  = __lane & 7u;
      unsigned __grp  = __lane >> 3;
      unsigned __bo;
      unsigned __col = (__grp & 1u) << 7;
      __bo = (__rit << 4) + __col;
      __bo += i_31;
      unsigned __smem;
      asm volatile("{ .reg .u64 u; cvta.to.shared.u64 u, %1; cvt.u32.u64 %0, u; }" : "=r"(__smem) : "l"((const char *) adi_4 + __bo));
      asm volatile("ldmatrix.sync.aligned.m8n8.x2.trans.shared.b16 {%0,%1}, [%2];" : "=r"(mma_b_h_143[0]), "=r"(mma_b_h_143[1]) : "r"(__smem));
    }
    unsigned mma_b_h_144[2];
    {
      unsigned __lane = threadIdx.x & 31u;
      unsigned __rit  = __lane & 7u;
      unsigned __grp  = __lane >> 3;
      unsigned __bo;
      unsigned __col = (__grp & 1u) << 7;
      __bo = (__rit << 4) + __col;
      __bo += i_29;
      unsigned __smem;
      asm volatile("{ .reg .u64 u; cvta.to.shared.u64 u, %1; cvt.u32.u64 %0, u; }" : "=r"(__smem) : "l"((const char *) adi_4 + __bo));
      asm volatile("ldmatrix.sync.aligned.m8n8.x2.trans.shared.b16 {%0,%1}, [%2];" : "=r"(mma_b_h_144[0]), "=r"(mma_b_h_144[1]) : "r"(__smem));
    }
    float mma_acc_f_145[4];
    asm volatile("mma.sync.aligned.m16n8k16.row.col.f32.bf16.bf16.f32 {%0,%1,%2,%3}, {%4,%5,%6,%7}, {%8,%9}, {%10,%11,%12,%13};" : "=f"(mma_acc_f_145[0]), "=f"(mma_acc_f_145[1]), "=f"(mma_acc_f_145[2]), "=f"(mma_acc_f_145[3]) : "r"(mma_a_h_135[0]), "r"(mma_a_h_135[1]), "r"(mma_a_h_135[2]), "r"(mma_a_h_135[3]), "r"(mma_b_h_137[0]), "r"(mma_b_h_137[1]), "f"(ul_53[0]), "f"(ul_53[1]), "f"(ul_53[2]), "f"(ul_53[3]));
    float mma_acc_f_146[4];
    asm volatile("mma.sync.aligned.m16n8k16.row.col.f32.bf16.bf16.f32 {%0,%1,%2,%3}, {%4,%5,%6,%7}, {%8,%9}, {%10,%11,%12,%13};" : "=f"(mma_acc_f_146[0]), "=f"(mma_acc_f_146[1]), "=f"(mma_acc_f_146[2]), "=f"(mma_acc_f_146[3]) : "r"(mma_a_h_135[0]), "r"(mma_a_h_135[1]), "r"(mma_a_h_135[2]), "r"(mma_a_h_135[3]), "r"(mma_b_h_138[0]), "r"(mma_b_h_138[1]), "f"(ul_54[0]), "f"(ul_54[1]), "f"(ul_54[2]), "f"(ul_54[3]));
    float mma_acc_f_147[4];
    asm volatile("mma.sync.aligned.m16n8k16.row.col.f32.bf16.bf16.f32 {%0,%1,%2,%3}, {%4,%5,%6,%7}, {%8,%9}, {%10,%11,%12,%13};" : "=f"(mma_acc_f_147[0]), "=f"(mma_acc_f_147[1]), "=f"(mma_acc_f_147[2]), "=f"(mma_acc_f_147[3]) : "r"(mma_a_h_135[0]), "r"(mma_a_h_135[1]), "r"(mma_a_h_135[2]), "r"(mma_a_h_135[3]), "r"(mma_b_h_139[0]), "r"(mma_b_h_139[1]), "f"(ul_55[0]), "f"(ul_55[1]), "f"(ul_55[2]), "f"(ul_55[3]));
    float mma_acc_f_148[4];
    asm volatile("mma.sync.aligned.m16n8k16.row.col.f32.bf16.bf16.f32 {%0,%1,%2,%3}, {%4,%5,%6,%7}, {%8,%9}, {%10,%11,%12,%13};" : "=f"(mma_acc_f_148[0]), "=f"(mma_acc_f_148[1]), "=f"(mma_acc_f_148[2]), "=f"(mma_acc_f_148[3]) : "r"(mma_a_h_135[0]), "r"(mma_a_h_135[1]), "r"(mma_a_h_135[2]), "r"(mma_a_h_135[3]), "r"(mma_b_h_140[0]), "r"(mma_b_h_140[1]), "f"(ul_56[0]), "f"(ul_56[1]), "f"(ul_56[2]), "f"(ul_56[3]));
    float mma_acc_f_149[4];
    asm volatile("mma.sync.aligned.m16n8k16.row.col.f32.bf16.bf16.f32 {%0,%1,%2,%3}, {%4,%5,%6,%7}, {%8,%9}, {%10,%11,%12,%13};" : "=f"(mma_acc_f_149[0]), "=f"(mma_acc_f_149[1]), "=f"(mma_acc_f_149[2]), "=f"(mma_acc_f_149[3]) : "r"(mma_a_h_135[0]), "r"(mma_a_h_135[1]), "r"(mma_a_h_135[2]), "r"(mma_a_h_135[3]), "r"(mma_b_h_141[0]), "r"(mma_b_h_141[1]), "f"(ul_57[0]), "f"(ul_57[1]), "f"(ul_57[2]), "f"(ul_57[3]));
    float mma_acc_f_150[4];
    asm volatile("mma.sync.aligned.m16n8k16.row.col.f32.bf16.bf16.f32 {%0,%1,%2,%3}, {%4,%5,%6,%7}, {%8,%9}, {%10,%11,%12,%13};" : "=f"(mma_acc_f_150[0]), "=f"(mma_acc_f_150[1]), "=f"(mma_acc_f_150[2]), "=f"(mma_acc_f_150[3]) : "r"(mma_a_h_135[0]), "r"(mma_a_h_135[1]), "r"(mma_a_h_135[2]), "r"(mma_a_h_135[3]), "r"(mma_b_h_142[0]), "r"(mma_b_h_142[1]), "f"(ul_58[0]), "f"(ul_58[1]), "f"(ul_58[2]), "f"(ul_58[3]));
    float mma_acc_f_151[4];
    asm volatile("mma.sync.aligned.m16n8k16.row.col.f32.bf16.bf16.f32 {%0,%1,%2,%3}, {%4,%5,%6,%7}, {%8,%9}, {%10,%11,%12,%13};" : "=f"(mma_acc_f_151[0]), "=f"(mma_acc_f_151[1]), "=f"(mma_acc_f_151[2]), "=f"(mma_acc_f_151[3]) : "r"(mma_a_h_135[0]), "r"(mma_a_h_135[1]), "r"(mma_a_h_135[2]), "r"(mma_a_h_135[3]), "r"(mma_b_h_143[0]), "r"(mma_b_h_143[1]), "f"(ul_59[0]), "f"(ul_59[1]), "f"(ul_59[2]), "f"(ul_59[3]));
    float mma_acc_f_152[4];
    asm volatile("mma.sync.aligned.m16n8k16.row.col.f32.bf16.bf16.f32 {%0,%1,%2,%3}, {%4,%5,%6,%7}, {%8,%9}, {%10,%11,%12,%13};" : "=f"(mma_acc_f_152[0]), "=f"(mma_acc_f_152[1]), "=f"(mma_acc_f_152[2]), "=f"(mma_acc_f_152[3]) : "r"(mma_a_h_135[0]), "r"(mma_a_h_135[1]), "r"(mma_a_h_135[2]), "r"(mma_a_h_135[3]), "r"(mma_b_h_144[0]), "r"(mma_b_h_144[1]), "f"(ul_60[0]), "f"(ul_60[1]), "f"(ul_60[2]), "f"(ul_60[3]));
    float mma_acc_f_153[4];
    asm volatile("mma.sync.aligned.m16n8k16.row.col.f32.bf16.bf16.f32 {%0,%1,%2,%3}, {%4,%5,%6,%7}, {%8,%9}, {%10,%11,%12,%13};" : "=f"(mma_acc_f_153[0]), "=f"(mma_acc_f_153[1]), "=f"(mma_acc_f_153[2]), "=f"(mma_acc_f_153[3]) : "r"(mma_a_h_136[0]), "r"(mma_a_h_136[1]), "r"(mma_a_h_136[2]), "r"(mma_a_h_136[3]), "r"(mma_b_h_137[0]), "r"(mma_b_h_137[1]), "f"(ul_61[0]), "f"(ul_61[1]), "f"(ul_61[2]), "f"(ul_61[3]));
    float mma_acc_f_154[4];
    asm volatile("mma.sync.aligned.m16n8k16.row.col.f32.bf16.bf16.f32 {%0,%1,%2,%3}, {%4,%5,%6,%7}, {%8,%9}, {%10,%11,%12,%13};" : "=f"(mma_acc_f_154[0]), "=f"(mma_acc_f_154[1]), "=f"(mma_acc_f_154[2]), "=f"(mma_acc_f_154[3]) : "r"(mma_a_h_136[0]), "r"(mma_a_h_136[1]), "r"(mma_a_h_136[2]), "r"(mma_a_h_136[3]), "r"(mma_b_h_138[0]), "r"(mma_b_h_138[1]), "f"(ul_62[0]), "f"(ul_62[1]), "f"(ul_62[2]), "f"(ul_62[3]));
    float mma_acc_f_155[4];
    asm volatile("mma.sync.aligned.m16n8k16.row.col.f32.bf16.bf16.f32 {%0,%1,%2,%3}, {%4,%5,%6,%7}, {%8,%9}, {%10,%11,%12,%13};" : "=f"(mma_acc_f_155[0]), "=f"(mma_acc_f_155[1]), "=f"(mma_acc_f_155[2]), "=f"(mma_acc_f_155[3]) : "r"(mma_a_h_136[0]), "r"(mma_a_h_136[1]), "r"(mma_a_h_136[2]), "r"(mma_a_h_136[3]), "r"(mma_b_h_139[0]), "r"(mma_b_h_139[1]), "f"(ul_63[0]), "f"(ul_63[1]), "f"(ul_63[2]), "f"(ul_63[3]));
    float mma_acc_f_156[4];
    asm volatile("mma.sync.aligned.m16n8k16.row.col.f32.bf16.bf16.f32 {%0,%1,%2,%3}, {%4,%5,%6,%7}, {%8,%9}, {%10,%11,%12,%13};" : "=f"(mma_acc_f_156[0]), "=f"(mma_acc_f_156[1]), "=f"(mma_acc_f_156[2]), "=f"(mma_acc_f_156[3]) : "r"(mma_a_h_136[0]), "r"(mma_a_h_136[1]), "r"(mma_a_h_136[2]), "r"(mma_a_h_136[3]), "r"(mma_b_h_140[0]), "r"(mma_b_h_140[1]), "f"(ul_64[0]), "f"(ul_64[1]), "f"(ul_64[2]), "f"(ul_64[3]));
    float mma_acc_f_157[4];
    asm volatile("mma.sync.aligned.m16n8k16.row.col.f32.bf16.bf16.f32 {%0,%1,%2,%3}, {%4,%5,%6,%7}, {%8,%9}, {%10,%11,%12,%13};" : "=f"(mma_acc_f_157[0]), "=f"(mma_acc_f_157[1]), "=f"(mma_acc_f_157[2]), "=f"(mma_acc_f_157[3]) : "r"(mma_a_h_136[0]), "r"(mma_a_h_136[1]), "r"(mma_a_h_136[2]), "r"(mma_a_h_136[3]), "r"(mma_b_h_141[0]), "r"(mma_b_h_141[1]), "f"(ul_65[0]), "f"(ul_65[1]), "f"(ul_65[2]), "f"(ul_65[3]));
    float mma_acc_f_158[4];
    asm volatile("mma.sync.aligned.m16n8k16.row.col.f32.bf16.bf16.f32 {%0,%1,%2,%3}, {%4,%5,%6,%7}, {%8,%9}, {%10,%11,%12,%13};" : "=f"(mma_acc_f_158[0]), "=f"(mma_acc_f_158[1]), "=f"(mma_acc_f_158[2]), "=f"(mma_acc_f_158[3]) : "r"(mma_a_h_136[0]), "r"(mma_a_h_136[1]), "r"(mma_a_h_136[2]), "r"(mma_a_h_136[3]), "r"(mma_b_h_142[0]), "r"(mma_b_h_142[1]), "f"(ul_66[0]), "f"(ul_66[1]), "f"(ul_66[2]), "f"(ul_66[3]));
    float mma_acc_f_159[4];
    asm volatile("mma.sync.aligned.m16n8k16.row.col.f32.bf16.bf16.f32 {%0,%1,%2,%3}, {%4,%5,%6,%7}, {%8,%9}, {%10,%11,%12,%13};" : "=f"(mma_acc_f_159[0]), "=f"(mma_acc_f_159[1]), "=f"(mma_acc_f_159[2]), "=f"(mma_acc_f_159[3]) : "r"(mma_a_h_136[0]), "r"(mma_a_h_136[1]), "r"(mma_a_h_136[2]), "r"(mma_a_h_136[3]), "r"(mma_b_h_143[0]), "r"(mma_b_h_143[1]), "f"(ul_67[0]), "f"(ul_67[1]), "f"(ul_67[2]), "f"(ul_67[3]));
    float mma_acc_f_160[4];
    asm volatile("mma.sync.aligned.m16n8k16.row.col.f32.bf16.bf16.f32 {%0,%1,%2,%3}, {%4,%5,%6,%7}, {%8,%9}, {%10,%11,%12,%13};" : "=f"(mma_acc_f_160[0]), "=f"(mma_acc_f_160[1]), "=f"(mma_acc_f_160[2]), "=f"(mma_acc_f_160[3]) : "r"(mma_a_h_136[0]), "r"(mma_a_h_136[1]), "r"(mma_a_h_136[2]), "r"(mma_a_h_136[3]), "r"(mma_b_h_144[0]), "r"(mma_b_h_144[1]), "f"(ul_68[0]), "f"(ul_68[1]), "f"(ul_68[2]), "f"(ul_68[3]));
    __syncthreads();
    i_161  =  i_69 + 1;
    ul_53[0]  =  mma_acc_f_145[0];
    ul_53[1]  =  mma_acc_f_145[1];
    ul_53[2]  =  mma_acc_f_145[2];
    ul_53[3]  =  mma_acc_f_145[3];
    ul_54[0]  =  mma_acc_f_146[0];
    ul_54[1]  =  mma_acc_f_146[1];
    ul_54[2]  =  mma_acc_f_146[2];
    ul_54[3]  =  mma_acc_f_146[3];
    ul_55[0]  =  mma_acc_f_147[0];
    ul_55[1]  =  mma_acc_f_147[1];
    ul_55[2]  =  mma_acc_f_147[2];
    ul_55[3]  =  mma_acc_f_147[3];
    ul_56[0]  =  mma_acc_f_148[0];
    ul_56[1]  =  mma_acc_f_148[1];
    ul_56[2]  =  mma_acc_f_148[2];
    ul_56[3]  =  mma_acc_f_148[3];
    ul_57[0]  =  mma_acc_f_149[0];
    ul_57[1]  =  mma_acc_f_149[1];
    ul_57[2]  =  mma_acc_f_149[2];
    ul_57[3]  =  mma_acc_f_149[3];
    ul_58[0]  =  mma_acc_f_150[0];
    ul_58[1]  =  mma_acc_f_150[1];
    ul_58[2]  =  mma_acc_f_150[2];
    ul_58[3]  =  mma_acc_f_150[3];
    ul_59[0]  =  mma_acc_f_151[0];
    ul_59[1]  =  mma_acc_f_151[1];
    ul_59[2]  =  mma_acc_f_151[2];
    ul_59[3]  =  mma_acc_f_151[3];
    ul_60[0]  =  mma_acc_f_152[0];
    ul_60[1]  =  mma_acc_f_152[1];
    ul_60[2]  =  mma_acc_f_152[2];
    ul_60[3]  =  mma_acc_f_152[3];
    ul_61[0]  =  mma_acc_f_153[0];
    ul_61[1]  =  mma_acc_f_153[1];
    ul_61[2]  =  mma_acc_f_153[2];
    ul_61[3]  =  mma_acc_f_153[3];
    ul_62[0]  =  mma_acc_f_154[0];
    ul_62[1]  =  mma_acc_f_154[1];
    ul_62[2]  =  mma_acc_f_154[2];
    ul_62[3]  =  mma_acc_f_154[3];
    ul_63[0]  =  mma_acc_f_155[0];
    ul_63[1]  =  mma_acc_f_155[1];
    ul_63[2]  =  mma_acc_f_155[2];
    ul_63[3]  =  mma_acc_f_155[3];
    ul_64[0]  =  mma_acc_f_156[0];
    ul_64[1]  =  mma_acc_f_156[1];
    ul_64[2]  =  mma_acc_f_156[2];
    ul_64[3]  =  mma_acc_f_156[3];
    ul_65[0]  =  mma_acc_f_157[0];
    ul_65[1]  =  mma_acc_f_157[1];
    ul_65[2]  =  mma_acc_f_157[2];
    ul_65[3]  =  mma_acc_f_157[3];
    ul_66[0]  =  mma_acc_f_158[0];
    ul_66[1]  =  mma_acc_f_158[1];
    ul_66[2]  =  mma_acc_f_158[2];
    ul_66[3]  =  mma_acc_f_158[3];
    ul_67[0]  =  mma_acc_f_159[0];
    ul_67[1]  =  mma_acc_f_159[1];
    ul_67[2]  =  mma_acc_f_159[2];
    ul_67[3]  =  mma_acc_f_159[3];
    ul_68[0]  =  mma_acc_f_160[0];
    ul_68[1]  =  mma_acc_f_160[1];
    ul_68[2]  =  mma_acc_f_160[2];
    ul_68[3]  =  mma_acc_f_160[3];
    i_69  =  i_161;
  }  // B1
  // BLOCK 9
  i_162  =  i_45 << 5;
  i_163  =  i_162 + i_52;
  i_164  =  i_26 << 6;
  i_165  =  i_164 + i_49;
  {
    unsigned __lane = threadIdx.x & 31u;
    unsigned __rit0 = (__lane >> 2);
    unsigned __cit0 = ((__lane & 3u) << 1);
    unsigned __idx0 = (i_163 + __rit0) * 512 + (i_165 + __cit0);
    ((float *) ((char *) ul_2 + 16u))[__idx0] = ul_53[0];
    unsigned __rit1 = (__lane >> 2);
    unsigned __cit1 = ((__lane & 3u) << 1) + 1u;
    unsigned __idx1 = (i_163 + __rit1) * 512 + (i_165 + __cit1);
    ((float *) ((char *) ul_2 + 16u))[__idx1] = ul_53[1];
    unsigned __rit2 = (__lane >> 2) + 8u;
    unsigned __cit2 = ((__lane & 3u) << 1);
    unsigned __idx2 = (i_163 + __rit2) * 512 + (i_165 + __cit2);
    ((float *) ((char *) ul_2 + 16u))[__idx2] = ul_53[2];
    unsigned __rit3 = (__lane >> 2) + 8u;
    unsigned __cit3 = ((__lane & 3u) << 1) + 1u;
    unsigned __idx3 = (i_163 + __rit3) * 512 + (i_165 + __cit3);
    ((float *) ((char *) ul_2 + 16u))[__idx3] = ul_53[3];
  }
  i_166  =  i_165 + 8;
  {
    unsigned __lane = threadIdx.x & 31u;
    unsigned __rit0 = (__lane >> 2);
    unsigned __cit0 = ((__lane & 3u) << 1);
    unsigned __idx0 = (i_163 + __rit0) * 512 + (i_166 + __cit0);
    ((float *) ((char *) ul_2 + 16u))[__idx0] = ul_54[0];
    unsigned __rit1 = (__lane >> 2);
    unsigned __cit1 = ((__lane & 3u) << 1) + 1u;
    unsigned __idx1 = (i_163 + __rit1) * 512 + (i_166 + __cit1);
    ((float *) ((char *) ul_2 + 16u))[__idx1] = ul_54[1];
    unsigned __rit2 = (__lane >> 2) + 8u;
    unsigned __cit2 = ((__lane & 3u) << 1);
    unsigned __idx2 = (i_163 + __rit2) * 512 + (i_166 + __cit2);
    ((float *) ((char *) ul_2 + 16u))[__idx2] = ul_54[2];
    unsigned __rit3 = (__lane >> 2) + 8u;
    unsigned __cit3 = ((__lane & 3u) << 1) + 1u;
    unsigned __idx3 = (i_163 + __rit3) * 512 + (i_166 + __cit3);
    ((float *) ((char *) ul_2 + 16u))[__idx3] = ul_54[3];
  }
  i_167  =  i_165 + 16;
  {
    unsigned __lane = threadIdx.x & 31u;
    unsigned __rit0 = (__lane >> 2);
    unsigned __cit0 = ((__lane & 3u) << 1);
    unsigned __idx0 = (i_163 + __rit0) * 512 + (i_167 + __cit0);
    ((float *) ((char *) ul_2 + 16u))[__idx0] = ul_55[0];
    unsigned __rit1 = (__lane >> 2);
    unsigned __cit1 = ((__lane & 3u) << 1) + 1u;
    unsigned __idx1 = (i_163 + __rit1) * 512 + (i_167 + __cit1);
    ((float *) ((char *) ul_2 + 16u))[__idx1] = ul_55[1];
    unsigned __rit2 = (__lane >> 2) + 8u;
    unsigned __cit2 = ((__lane & 3u) << 1);
    unsigned __idx2 = (i_163 + __rit2) * 512 + (i_167 + __cit2);
    ((float *) ((char *) ul_2 + 16u))[__idx2] = ul_55[2];
    unsigned __rit3 = (__lane >> 2) + 8u;
    unsigned __cit3 = ((__lane & 3u) << 1) + 1u;
    unsigned __idx3 = (i_163 + __rit3) * 512 + (i_167 + __cit3);
    ((float *) ((char *) ul_2 + 16u))[__idx3] = ul_55[3];
  }
  i_168  =  i_165 + 24;
  {
    unsigned __lane = threadIdx.x & 31u;
    unsigned __rit0 = (__lane >> 2);
    unsigned __cit0 = ((__lane & 3u) << 1);
    unsigned __idx0 = (i_163 + __rit0) * 512 + (i_168 + __cit0);
    ((float *) ((char *) ul_2 + 16u))[__idx0] = ul_56[0];
    unsigned __rit1 = (__lane >> 2);
    unsigned __cit1 = ((__lane & 3u) << 1) + 1u;
    unsigned __idx1 = (i_163 + __rit1) * 512 + (i_168 + __cit1);
    ((float *) ((char *) ul_2 + 16u))[__idx1] = ul_56[1];
    unsigned __rit2 = (__lane >> 2) + 8u;
    unsigned __cit2 = ((__lane & 3u) << 1);
    unsigned __idx2 = (i_163 + __rit2) * 512 + (i_168 + __cit2);
    ((float *) ((char *) ul_2 + 16u))[__idx2] = ul_56[2];
    unsigned __rit3 = (__lane >> 2) + 8u;
    unsigned __cit3 = ((__lane & 3u) << 1) + 1u;
    unsigned __idx3 = (i_163 + __rit3) * 512 + (i_168 + __cit3);
    ((float *) ((char *) ul_2 + 16u))[__idx3] = ul_56[3];
  }
  i_169  =  i_165 + 32;
  {
    unsigned __lane = threadIdx.x & 31u;
    unsigned __rit0 = (__lane >> 2);
    unsigned __cit0 = ((__lane & 3u) << 1);
    unsigned __idx0 = (i_163 + __rit0) * 512 + (i_169 + __cit0);
    ((float *) ((char *) ul_2 + 16u))[__idx0] = ul_57[0];
    unsigned __rit1 = (__lane >> 2);
    unsigned __cit1 = ((__lane & 3u) << 1) + 1u;
    unsigned __idx1 = (i_163 + __rit1) * 512 + (i_169 + __cit1);
    ((float *) ((char *) ul_2 + 16u))[__idx1] = ul_57[1];
    unsigned __rit2 = (__lane >> 2) + 8u;
    unsigned __cit2 = ((__lane & 3u) << 1);
    unsigned __idx2 = (i_163 + __rit2) * 512 + (i_169 + __cit2);
    ((float *) ((char *) ul_2 + 16u))[__idx2] = ul_57[2];
    unsigned __rit3 = (__lane >> 2) + 8u;
    unsigned __cit3 = ((__lane & 3u) << 1) + 1u;
    unsigned __idx3 = (i_163 + __rit3) * 512 + (i_169 + __cit3);
    ((float *) ((char *) ul_2 + 16u))[__idx3] = ul_57[3];
  }
  i_170  =  i_165 + 40;
  {
    unsigned __lane = threadIdx.x & 31u;
    unsigned __rit0 = (__lane >> 2);
    unsigned __cit0 = ((__lane & 3u) << 1);
    unsigned __idx0 = (i_163 + __rit0) * 512 + (i_170 + __cit0);
    ((float *) ((char *) ul_2 + 16u))[__idx0] = ul_58[0];
    unsigned __rit1 = (__lane >> 2);
    unsigned __cit1 = ((__lane & 3u) << 1) + 1u;
    unsigned __idx1 = (i_163 + __rit1) * 512 + (i_170 + __cit1);
    ((float *) ((char *) ul_2 + 16u))[__idx1] = ul_58[1];
    unsigned __rit2 = (__lane >> 2) + 8u;
    unsigned __cit2 = ((__lane & 3u) << 1);
    unsigned __idx2 = (i_163 + __rit2) * 512 + (i_170 + __cit2);
    ((float *) ((char *) ul_2 + 16u))[__idx2] = ul_58[2];
    unsigned __rit3 = (__lane >> 2) + 8u;
    unsigned __cit3 = ((__lane & 3u) << 1) + 1u;
    unsigned __idx3 = (i_163 + __rit3) * 512 + (i_170 + __cit3);
    ((float *) ((char *) ul_2 + 16u))[__idx3] = ul_58[3];
  }
  i_171  =  i_165 + 48;
  {
    unsigned __lane = threadIdx.x & 31u;
    unsigned __rit0 = (__lane >> 2);
    unsigned __cit0 = ((__lane & 3u) << 1);
    unsigned __idx0 = (i_163 + __rit0) * 512 + (i_171 + __cit0);
    ((float *) ((char *) ul_2 + 16u))[__idx0] = ul_59[0];
    unsigned __rit1 = (__lane >> 2);
    unsigned __cit1 = ((__lane & 3u) << 1) + 1u;
    unsigned __idx1 = (i_163 + __rit1) * 512 + (i_171 + __cit1);
    ((float *) ((char *) ul_2 + 16u))[__idx1] = ul_59[1];
    unsigned __rit2 = (__lane >> 2) + 8u;
    unsigned __cit2 = ((__lane & 3u) << 1);
    unsigned __idx2 = (i_163 + __rit2) * 512 + (i_171 + __cit2);
    ((float *) ((char *) ul_2 + 16u))[__idx2] = ul_59[2];
    unsigned __rit3 = (__lane >> 2) + 8u;
    unsigned __cit3 = ((__lane & 3u) << 1) + 1u;
    unsigned __idx3 = (i_163 + __rit3) * 512 + (i_171 + __cit3);
    ((float *) ((char *) ul_2 + 16u))[__idx3] = ul_59[3];
  }
  i_172  =  i_165 + 56;
  {
    unsigned __lane = threadIdx.x & 31u;
    unsigned __rit0 = (__lane >> 2);
    unsigned __cit0 = ((__lane & 3u) << 1);
    unsigned __idx0 = (i_163 + __rit0) * 512 + (i_172 + __cit0);
    ((float *) ((char *) ul_2 + 16u))[__idx0] = ul_60[0];
    unsigned __rit1 = (__lane >> 2);
    unsigned __cit1 = ((__lane & 3u) << 1) + 1u;
    unsigned __idx1 = (i_163 + __rit1) * 512 + (i_172 + __cit1);
    ((float *) ((char *) ul_2 + 16u))[__idx1] = ul_60[1];
    unsigned __rit2 = (__lane >> 2) + 8u;
    unsigned __cit2 = ((__lane & 3u) << 1);
    unsigned __idx2 = (i_163 + __rit2) * 512 + (i_172 + __cit2);
    ((float *) ((char *) ul_2 + 16u))[__idx2] = ul_60[2];
    unsigned __rit3 = (__lane >> 2) + 8u;
    unsigned __cit3 = ((__lane & 3u) << 1) + 1u;
    unsigned __idx3 = (i_163 + __rit3) * 512 + (i_172 + __cit3);
    ((float *) ((char *) ul_2 + 16u))[__idx3] = ul_60[3];
  }
  i_173  =  i_163 + 16;
  {
    unsigned __lane = threadIdx.x & 31u;
    unsigned __rit0 = (__lane >> 2);
    unsigned __cit0 = ((__lane & 3u) << 1);
    unsigned __idx0 = (i_173 + __rit0) * 512 + (i_165 + __cit0);
    ((float *) ((char *) ul_2 + 16u))[__idx0] = ul_61[0];
    unsigned __rit1 = (__lane >> 2);
    unsigned __cit1 = ((__lane & 3u) << 1) + 1u;
    unsigned __idx1 = (i_173 + __rit1) * 512 + (i_165 + __cit1);
    ((float *) ((char *) ul_2 + 16u))[__idx1] = ul_61[1];
    unsigned __rit2 = (__lane >> 2) + 8u;
    unsigned __cit2 = ((__lane & 3u) << 1);
    unsigned __idx2 = (i_173 + __rit2) * 512 + (i_165 + __cit2);
    ((float *) ((char *) ul_2 + 16u))[__idx2] = ul_61[2];
    unsigned __rit3 = (__lane >> 2) + 8u;
    unsigned __cit3 = ((__lane & 3u) << 1) + 1u;
    unsigned __idx3 = (i_173 + __rit3) * 512 + (i_165 + __cit3);
    ((float *) ((char *) ul_2 + 16u))[__idx3] = ul_61[3];
  }
  {
    unsigned __lane = threadIdx.x & 31u;
    unsigned __rit0 = (__lane >> 2);
    unsigned __cit0 = ((__lane & 3u) << 1);
    unsigned __idx0 = (i_173 + __rit0) * 512 + (i_166 + __cit0);
    ((float *) ((char *) ul_2 + 16u))[__idx0] = ul_62[0];
    unsigned __rit1 = (__lane >> 2);
    unsigned __cit1 = ((__lane & 3u) << 1) + 1u;
    unsigned __idx1 = (i_173 + __rit1) * 512 + (i_166 + __cit1);
    ((float *) ((char *) ul_2 + 16u))[__idx1] = ul_62[1];
    unsigned __rit2 = (__lane >> 2) + 8u;
    unsigned __cit2 = ((__lane & 3u) << 1);
    unsigned __idx2 = (i_173 + __rit2) * 512 + (i_166 + __cit2);
    ((float *) ((char *) ul_2 + 16u))[__idx2] = ul_62[2];
    unsigned __rit3 = (__lane >> 2) + 8u;
    unsigned __cit3 = ((__lane & 3u) << 1) + 1u;
    unsigned __idx3 = (i_173 + __rit3) * 512 + (i_166 + __cit3);
    ((float *) ((char *) ul_2 + 16u))[__idx3] = ul_62[3];
  }
  {
    unsigned __lane = threadIdx.x & 31u;
    unsigned __rit0 = (__lane >> 2);
    unsigned __cit0 = ((__lane & 3u) << 1);
    unsigned __idx0 = (i_173 + __rit0) * 512 + (i_167 + __cit0);
    ((float *) ((char *) ul_2 + 16u))[__idx0] = ul_63[0];
    unsigned __rit1 = (__lane >> 2);
    unsigned __cit1 = ((__lane & 3u) << 1) + 1u;
    unsigned __idx1 = (i_173 + __rit1) * 512 + (i_167 + __cit1);
    ((float *) ((char *) ul_2 + 16u))[__idx1] = ul_63[1];
    unsigned __rit2 = (__lane >> 2) + 8u;
    unsigned __cit2 = ((__lane & 3u) << 1);
    unsigned __idx2 = (i_173 + __rit2) * 512 + (i_167 + __cit2);
    ((float *) ((char *) ul_2 + 16u))[__idx2] = ul_63[2];
    unsigned __rit3 = (__lane >> 2) + 8u;
    unsigned __cit3 = ((__lane & 3u) << 1) + 1u;
    unsigned __idx3 = (i_173 + __rit3) * 512 + (i_167 + __cit3);
    ((float *) ((char *) ul_2 + 16u))[__idx3] = ul_63[3];
  }
  {
    unsigned __lane = threadIdx.x & 31u;
    unsigned __rit0 = (__lane >> 2);
    unsigned __cit0 = ((__lane & 3u) << 1);
    unsigned __idx0 = (i_173 + __rit0) * 512 + (i_168 + __cit0);
    ((float *) ((char *) ul_2 + 16u))[__idx0] = ul_64[0];
    unsigned __rit1 = (__lane >> 2);
    unsigned __cit1 = ((__lane & 3u) << 1) + 1u;
    unsigned __idx1 = (i_173 + __rit1) * 512 + (i_168 + __cit1);
    ((float *) ((char *) ul_2 + 16u))[__idx1] = ul_64[1];
    unsigned __rit2 = (__lane >> 2) + 8u;
    unsigned __cit2 = ((__lane & 3u) << 1);
    unsigned __idx2 = (i_173 + __rit2) * 512 + (i_168 + __cit2);
    ((float *) ((char *) ul_2 + 16u))[__idx2] = ul_64[2];
    unsigned __rit3 = (__lane >> 2) + 8u;
    unsigned __cit3 = ((__lane & 3u) << 1) + 1u;
    unsigned __idx3 = (i_173 + __rit3) * 512 + (i_168 + __cit3);
    ((float *) ((char *) ul_2 + 16u))[__idx3] = ul_64[3];
  }
  {
    unsigned __lane = threadIdx.x & 31u;
    unsigned __rit0 = (__lane >> 2);
    unsigned __cit0 = ((__lane & 3u) << 1);
    unsigned __idx0 = (i_173 + __rit0) * 512 + (i_169 + __cit0);
    ((float *) ((char *) ul_2 + 16u))[__idx0] = ul_65[0];
    unsigned __rit1 = (__lane >> 2);
    unsigned __cit1 = ((__lane & 3u) << 1) + 1u;
    unsigned __idx1 = (i_173 + __rit1) * 512 + (i_169 + __cit1);
    ((float *) ((char *) ul_2 + 16u))[__idx1] = ul_65[1];
    unsigned __rit2 = (__lane >> 2) + 8u;
    unsigned __cit2 = ((__lane & 3u) << 1);
    unsigned __idx2 = (i_173 + __rit2) * 512 + (i_169 + __cit2);
    ((float *) ((char *) ul_2 + 16u))[__idx2] = ul_65[2];
    unsigned __rit3 = (__lane >> 2) + 8u;
    unsigned __cit3 = ((__lane & 3u) << 1) + 1u;
    unsigned __idx3 = (i_173 + __rit3) * 512 + (i_169 + __cit3);
    ((float *) ((char *) ul_2 + 16u))[__idx3] = ul_65[3];
  }
  {
    unsigned __lane = threadIdx.x & 31u;
    unsigned __rit0 = (__lane >> 2);
    unsigned __cit0 = ((__lane & 3u) << 1);
    unsigned __idx0 = (i_173 + __rit0) * 512 + (i_170 + __cit0);
    ((float *) ((char *) ul_2 + 16u))[__idx0] = ul_66[0];
    unsigned __rit1 = (__lane >> 2);
    unsigned __cit1 = ((__lane & 3u) << 1) + 1u;
    unsigned __idx1 = (i_173 + __rit1) * 512 + (i_170 + __cit1);
    ((float *) ((char *) ul_2 + 16u))[__idx1] = ul_66[1];
    unsigned __rit2 = (__lane >> 2) + 8u;
    unsigned __cit2 = ((__lane & 3u) << 1);
    unsigned __idx2 = (i_173 + __rit2) * 512 + (i_170 + __cit2);
    ((float *) ((char *) ul_2 + 16u))[__idx2] = ul_66[2];
    unsigned __rit3 = (__lane >> 2) + 8u;
    unsigned __cit3 = ((__lane & 3u) << 1) + 1u;
    unsigned __idx3 = (i_173 + __rit3) * 512 + (i_170 + __cit3);
    ((float *) ((char *) ul_2 + 16u))[__idx3] = ul_66[3];
  }
  {
    unsigned __lane = threadIdx.x & 31u;
    unsigned __rit0 = (__lane >> 2);
    unsigned __cit0 = ((__lane & 3u) << 1);
    unsigned __idx0 = (i_173 + __rit0) * 512 + (i_171 + __cit0);
    ((float *) ((char *) ul_2 + 16u))[__idx0] = ul_67[0];
    unsigned __rit1 = (__lane >> 2);
    unsigned __cit1 = ((__lane & 3u) << 1) + 1u;
    unsigned __idx1 = (i_173 + __rit1) * 512 + (i_171 + __cit1);
    ((float *) ((char *) ul_2 + 16u))[__idx1] = ul_67[1];
    unsigned __rit2 = (__lane >> 2) + 8u;
    unsigned __cit2 = ((__lane & 3u) << 1);
    unsigned __idx2 = (i_173 + __rit2) * 512 + (i_171 + __cit2);
    ((float *) ((char *) ul_2 + 16u))[__idx2] = ul_67[2];
    unsigned __rit3 = (__lane >> 2) + 8u;
    unsigned __cit3 = ((__lane & 3u) << 1) + 1u;
    unsigned __idx3 = (i_173 + __rit3) * 512 + (i_171 + __cit3);
    ((float *) ((char *) ul_2 + 16u))[__idx3] = ul_67[3];
  }
  {
    unsigned __lane = threadIdx.x & 31u;
    unsigned __rit0 = (__lane >> 2);
    unsigned __cit0 = ((__lane & 3u) << 1);
    unsigned __idx0 = (i_173 + __rit0) * 512 + (i_172 + __cit0);
    ((float *) ((char *) ul_2 + 16u))[__idx0] = ul_68[0];
    unsigned __rit1 = (__lane >> 2);
    unsigned __cit1 = ((__lane & 3u) << 1) + 1u;
    unsigned __idx1 = (i_173 + __rit1) * 512 + (i_172 + __cit1);
    ((float *) ((char *) ul_2 + 16u))[__idx1] = ul_68[1];
    unsigned __rit2 = (__lane >> 2) + 8u;
    unsigned __cit2 = ((__lane & 3u) << 1);
    unsigned __idx2 = (i_173 + __rit2) * 512 + (i_172 + __cit2);
    ((float *) ((char *) ul_2 + 16u))[__idx2] = ul_68[2];
    unsigned __rit3 = (__lane >> 2) + 8u;
    unsigned __cit3 = ((__lane & 3u) << 1) + 1u;
    unsigned __idx3 = (i_173 + __rit3) * 512 + (i_172 + __cit3);
    ((float *) ((char *) ul_2 + 16u))[__idx3] = ul_68[3];
  }
  return;
}  //  kernel

#include <cuda_fp16.h>
extern "C" __global__ void gemmMMA_NK(long long *_kernel_context, unsigned char *_constant_region, unsigned char *_local_region, int *_atomics, unsigned char *arg1, unsigned char *arg2, unsigned char *arg3, int arg4, int arg5, int arg6)
{
  unsigned long long ul_0, ul_1, ul_2, ul_86, ul_92, ul_124, ul_132; 
  int i_21, i_22, i_23, i_24, i_25, i_26, i_27, i_28, i_29, i_30, i_31, i_32, i_33, i_34, i_35, i_36, i_37, i_38, i_39, i_40, i_41, i_42, i_43, i_44, i_45, i_46, i_47, i_48, i_49, i_50, i_51, i_52, i_69, i_70, i_71, i_72, i_73, i_74, i_75, i_76, i_77, i_78, i_79, i_80, i_81, i_82, i_88, i_94, i_95, i_102, i_103, i_104, i_105, i_106, i_107, i_108, i_109, i_110, i_111, i_112, i_113, i_114, i_115, i_116, i_117, i_118, i_119, i_120, i_126, i_127, i_128, i_140, i_167, i_168, i_169, i_170, i_171, i_172, i_173, i_174, i_175, i_176, i_177, i_178, i_179; 
  long long l_83, l_84, l_85, l_89, l_90, l_91, l_121, l_122, l_123, l_129, l_130, l_131; 
  __half half_87, half_93, half_125, half_133; 
  unsigned int ui_96, ui_97, ui_98, ui_99, ui_100, ui_101, ui_134, ui_135, ui_136, ui_137, ui_138, ui_139; 
  float ul_53[4];
  float ul_54[4];
  float ul_55[4];
  float ul_56[4];
  float ul_57[4];
  float ul_58[4];
  float ul_59[4];
  float ul_60[4];
  float ul_61[4];
  float ul_62[4];
  float ul_63[4];
  float ul_64[4];
  float ul_65[4];
  float ul_66[4];
  float ul_67[4];
  float ul_68[4];

  // BLOCK 0
  ul_0  =  (unsigned long long) arg1;
  ul_1  =  (unsigned long long) arg2;
  ul_2  =  (unsigned long long) arg3;
  __shared__ int adi_3[1024];
  __shared__ int adi_4[1024];
  float mma_acc_f_5[4];
  mma_acc_f_5[0] = 0.0F;
  mma_acc_f_5[1] = 0.0F;
  mma_acc_f_5[2] = 0.0F;
  mma_acc_f_5[3] = 0.0F;
  float mma_acc_f_6[4];
  mma_acc_f_6[0] = 0.0F;
  mma_acc_f_6[1] = 0.0F;
  mma_acc_f_6[2] = 0.0F;
  mma_acc_f_6[3] = 0.0F;
  float mma_acc_f_7[4];
  mma_acc_f_7[0] = 0.0F;
  mma_acc_f_7[1] = 0.0F;
  mma_acc_f_7[2] = 0.0F;
  mma_acc_f_7[3] = 0.0F;
  float mma_acc_f_8[4];
  mma_acc_f_8[0] = 0.0F;
  mma_acc_f_8[1] = 0.0F;
  mma_acc_f_8[2] = 0.0F;
  mma_acc_f_8[3] = 0.0F;
  float mma_acc_f_9[4];
  mma_acc_f_9[0] = 0.0F;
  mma_acc_f_9[1] = 0.0F;
  mma_acc_f_9[2] = 0.0F;
  mma_acc_f_9[3] = 0.0F;
  float mma_acc_f_10[4];
  mma_acc_f_10[0] = 0.0F;
  mma_acc_f_10[1] = 0.0F;
  mma_acc_f_10[2] = 0.0F;
  mma_acc_f_10[3] = 0.0F;
  float mma_acc_f_11[4];
  mma_acc_f_11[0] = 0.0F;
  mma_acc_f_11[1] = 0.0F;
  mma_acc_f_11[2] = 0.0F;
  mma_acc_f_11[3] = 0.0F;
  float mma_acc_f_12[4];
  mma_acc_f_12[0] = 0.0F;
  mma_acc_f_12[1] = 0.0F;
  mma_acc_f_12[2] = 0.0F;
  mma_acc_f_12[3] = 0.0F;
  float mma_acc_f_13[4];
  mma_acc_f_13[0] = 0.0F;
  mma_acc_f_13[1] = 0.0F;
  mma_acc_f_13[2] = 0.0F;
  mma_acc_f_13[3] = 0.0F;
  float mma_acc_f_14[4];
  mma_acc_f_14[0] = 0.0F;
  mma_acc_f_14[1] = 0.0F;
  mma_acc_f_14[2] = 0.0F;
  mma_acc_f_14[3] = 0.0F;
  float mma_acc_f_15[4];
  mma_acc_f_15[0] = 0.0F;
  mma_acc_f_15[1] = 0.0F;
  mma_acc_f_15[2] = 0.0F;
  mma_acc_f_15[3] = 0.0F;
  float mma_acc_f_16[4];
  mma_acc_f_16[0] = 0.0F;
  mma_acc_f_16[1] = 0.0F;
  mma_acc_f_16[2] = 0.0F;
  mma_acc_f_16[3] = 0.0F;
  float mma_acc_f_17[4];
  mma_acc_f_17[0] = 0.0F;
  mma_acc_f_17[1] = 0.0F;
  mma_acc_f_17[2] = 0.0F;
  mma_acc_f_17[3] = 0.0F;
  float mma_acc_f_18[4];
  mma_acc_f_18[0] = 0.0F;
  mma_acc_f_18[1] = 0.0F;
  mma_acc_f_18[2] = 0.0F;
  mma_acc_f_18[3] = 0.0F;
  float mma_acc_f_19[4];
  mma_acc_f_19[0] = 0.0F;
  mma_acc_f_19[1] = 0.0F;
  mma_acc_f_19[2] = 0.0F;
  mma_acc_f_19[3] = 0.0F;
  float mma_acc_f_20[4];
  mma_acc_f_20[0] = 0.0F;
  mma_acc_f_20[1] = 0.0F;
  mma_acc_f_20[2] = 0.0F;
  mma_acc_f_20[3] = 0.0F;
  i_21  =  (threadIdx.x);
  i_22  =  i_21 >> 31;
  i_23  =  i_22 >> 27;
  i_24  =  i_23 + i_21;
  i_25  =  i_24 >> 5;
  i_26  =  i_25 % 2;
  i_27  =  i_26 << 3;
  i_28  =  i_27 + 7;
  i_29  =  i_28 << 8;
  i_30  =  i_27 + 6;
  i_31  =  i_30 << 8;
  i_32  =  i_27 + 5;
  i_33  =  i_32 << 8;
  i_34  =  i_27 + 4;
  i_35  =  i_34 << 8;
  i_36  =  i_27 + 3;
  i_37  =  i_36 << 8;
  i_38  =  i_27 + 2;
  i_39  =  i_38 << 8;
  i_40  =  i_27 + 1;
  i_41  =  i_40 << 8;
  i_42  =  i_26 << 11;
  i_43  =  i_24 >> 31;
  i_44  =  i_43 + i_25;
  i_45  =  i_44 >> 1;
  i_46  =  i_45 << 10;
  i_47  =  i_46 + 512;
  i_48  =  (blockIdx.y);
  i_49  =  i_48 << 7;
  i_50  =  i_49 + 1;
  i_51  =  (blockIdx.x);
  i_52  =  i_51 << 7;
  // BLOCK 1 MERGES [0 8 ]
  ul_53[0]  =  mma_acc_f_5[0];
  ul_53[1]  =  mma_acc_f_5[1];
  ul_53[2]  =  mma_acc_f_5[2];
  ul_53[3]  =  mma_acc_f_5[3];
  ul_54[0]  =  mma_acc_f_6[0];
  ul_54[1]  =  mma_acc_f_6[1];
  ul_54[2]  =  mma_acc_f_6[2];
  ul_54[3]  =  mma_acc_f_6[3];
  ul_55[0]  =  mma_acc_f_7[0];
  ul_55[1]  =  mma_acc_f_7[1];
  ul_55[2]  =  mma_acc_f_7[2];
  ul_55[3]  =  mma_acc_f_7[3];
  ul_56[0]  =  mma_acc_f_8[0];
  ul_56[1]  =  mma_acc_f_8[1];
  ul_56[2]  =  mma_acc_f_8[2];
  ul_56[3]  =  mma_acc_f_8[3];
  ul_57[0]  =  mma_acc_f_9[0];
  ul_57[1]  =  mma_acc_f_9[1];
  ul_57[2]  =  mma_acc_f_9[2];
  ul_57[3]  =  mma_acc_f_9[3];
  ul_58[0]  =  mma_acc_f_10[0];
  ul_58[1]  =  mma_acc_f_10[1];
  ul_58[2]  =  mma_acc_f_10[2];
  ul_58[3]  =  mma_acc_f_10[3];
  ul_59[0]  =  mma_acc_f_11[0];
  ul_59[1]  =  mma_acc_f_11[1];
  ul_59[2]  =  mma_acc_f_11[2];
  ul_59[3]  =  mma_acc_f_11[3];
  ul_60[0]  =  mma_acc_f_12[0];
  ul_60[1]  =  mma_acc_f_12[1];
  ul_60[2]  =  mma_acc_f_12[2];
  ul_60[3]  =  mma_acc_f_12[3];
  ul_61[0]  =  mma_acc_f_13[0];
  ul_61[1]  =  mma_acc_f_13[1];
  ul_61[2]  =  mma_acc_f_13[2];
  ul_61[3]  =  mma_acc_f_13[3];
  ul_62[0]  =  mma_acc_f_14[0];
  ul_62[1]  =  mma_acc_f_14[1];
  ul_62[2]  =  mma_acc_f_14[2];
  ul_62[3]  =  mma_acc_f_14[3];
  ul_63[0]  =  mma_acc_f_15[0];
  ul_63[1]  =  mma_acc_f_15[1];
  ul_63[2]  =  mma_acc_f_15[2];
  ul_63[3]  =  mma_acc_f_15[3];
  ul_64[0]  =  mma_acc_f_16[0];
  ul_64[1]  =  mma_acc_f_16[1];
  ul_64[2]  =  mma_acc_f_16[2];
  ul_64[3]  =  mma_acc_f_16[3];
  ul_65[0]  =  mma_acc_f_17[0];
  ul_65[1]  =  mma_acc_f_17[1];
  ul_65[2]  =  mma_acc_f_17[2];
  ul_65[3]  =  mma_acc_f_17[3];
  ul_66[0]  =  mma_acc_f_18[0];
  ul_66[1]  =  mma_acc_f_18[1];
  ul_66[2]  =  mma_acc_f_18[2];
  ul_66[3]  =  mma_acc_f_18[3];
  ul_67[0]  =  mma_acc_f_19[0];
  ul_67[1]  =  mma_acc_f_19[1];
  ul_67[2]  =  mma_acc_f_19[2];
  ul_67[3]  =  mma_acc_f_19[3];
  ul_68[0]  =  mma_acc_f_20[0];
  ul_68[1]  =  mma_acc_f_20[1];
  ul_68[2]  =  mma_acc_f_20[2];
  ul_68[3]  =  mma_acc_f_20[3];
  i_69  =  0;
  for(;i_69 < 32;)
  {
    // BLOCK 2
    i_70  =  i_69 << 4;
    i_71  =  i_70 + 1;
    // BLOCK 3 MERGES [2 4 ]
    i_72  =  i_21;
    for(;i_72 < 1024;)
    {
      // BLOCK 4
      i_73  =  i_72 % 8;
      i_74  =  i_73 << 1;
      i_75  =  i_72 >> 31;
      i_76  =  i_75 >> 29;
      i_77  =  i_76 + i_72;
      i_78  =  i_77 >> 3;
      i_79  =  i_78 + i_52;
      i_80  =  i_79 << 9;
      i_81  =  i_74 + i_80;
      i_82  =  i_81 + i_70;
      l_83  =  (long long) i_82;
      l_84  =  l_83 + 8L;
      l_85  =  l_84 << 1;
      ul_86  =  ul_0 + l_85;
      half_87  =  *(( __half *) ul_86);
      i_88  =  i_71 + i_81;
      l_89  =  (long long) i_88;
      l_90  =  l_89 + 8L;
      l_91  =  l_90 << 1;
      ul_92  =  ul_0 + l_91;
      half_93  =  *(( __half *) ul_92);
      i_94  =  i_77 & -8;
      i_95  =  i_94 + i_73;
      ui_96 = (unsigned) __half_as_ushort(half_87);
      ui_97  =  ui_96 & 65535;
      ui_98 = (unsigned) __half_as_ushort(half_93);
      ui_99  =  ui_98 & 65535;
      ui_100  =  ui_99 << 16;
      ui_101  =  ui_97 | ui_100;
      adi_3[i_95]  =  ui_101;
      i_102  =  i_72 + 256;
      i_72  =  i_102;
    }  // B3
    // BLOCK 5
    // BLOCK 6 MERGES [5 7 ]
    i_103  =  i_21;
    for(;i_103 < 1024;)
    {
      // BLOCK 7
      i_104  =  i_103 % 64;
      i_105  =  i_104 >> 31;
      i_106  =  i_105 >> 30;
      i_107  =  i_106 + i_104;
      i_108  =  i_107 >> 2;
      i_109  =  i_108 + i_70;
      i_110  =  i_104 % 4;
      i_111  =  i_110 << 1;
      i_112  =  i_103 >> 31;
      i_113  =  i_112 >> 26;
      i_114  =  i_113 + i_103;
      i_115  =  i_114 >> 6;
      i_116  =  i_115 << 3;
      i_117  =  i_111 + i_116;
      i_118  =  i_117 + i_49;
      i_119  =  i_118 << 9;
      i_120  =  i_109 + i_119;
      l_121  =  (long long) i_120;
      l_122  =  l_121 + 8L;
      l_123  =  l_122 << 1;
      ul_124  =  ul_1 + l_123;
      half_125  =  *(( __half *) ul_124);
      i_126  =  i_50 + i_117;
      i_127  =  i_126 << 9;
      i_128  =  i_127 + i_109;
      l_129  =  (long long) i_128;
      l_130  =  l_129 + 8L;
      l_131  =  l_130 << 1;
      ul_132  =  ul_1 + l_131;
      half_133  =  *(( __half *) ul_132);
      ui_134 = (unsigned) __half_as_ushort(half_125);
      ui_135  =  ui_134 & 65535;
      ui_136 = (unsigned) __half_as_ushort(half_133);
      ui_137  =  ui_136 & 65535;
      ui_138  =  ui_137 << 16;
      ui_139  =  ui_135 | ui_138;
      adi_4[i_103]  =  ui_139;
      i_140  =  i_103 + 256;
      i_103  =  i_140;
    }  // B6
    // BLOCK 8
    __syncthreads();
    unsigned mma_a_h_141[4];
    {
      unsigned __lane = threadIdx.x & 31u;
      unsigned __rit  = __lane & 7u;
      unsigned __grp  = __lane >> 3;
      unsigned __bo;
      unsigned __row = ((__grp & 1u) << 3) + __rit;
      unsigned __col = (__grp >> 1) << 4;
      __bo = (__row << 5) + __col;
      __bo += i_46;
      unsigned __smem;
      asm volatile("{ .reg .u64 u; cvta.to.shared.u64 u, %1; cvt.u32.u64 %0, u; }" : "=r"(__smem) : "l"((const char *) adi_3 + __bo));
      asm volatile("ldmatrix.sync.aligned.m8n8.x4.shared.b16 {%0,%1,%2,%3}, [%4];" : "=r"(mma_a_h_141[0]), "=r"(mma_a_h_141[1]), "=r"(mma_a_h_141[2]), "=r"(mma_a_h_141[3]) : "r"(__smem));
    }
    unsigned mma_a_h_142[4];
    {
      unsigned __lane = threadIdx.x & 31u;
      unsigned __rit  = __lane & 7u;
      unsigned __grp  = __lane >> 3;
      unsigned __bo;
      unsigned __row = ((__grp & 1u) << 3) + __rit;
      unsigned __col = (__grp >> 1) << 4;
      __bo = (__row << 5) + __col;
      __bo += i_47;
      unsigned __smem;
      asm volatile("{ .reg .u64 u; cvta.to.shared.u64 u, %1; cvt.u32.u64 %0, u; }" : "=r"(__smem) : "l"((const char *) adi_3 + __bo));
      asm volatile("ldmatrix.sync.aligned.m8n8.x4.shared.b16 {%0,%1,%2,%3}, [%4];" : "=r"(mma_a_h_142[0]), "=r"(mma_a_h_142[1]), "=r"(mma_a_h_142[2]), "=r"(mma_a_h_142[3]) : "r"(__smem));
    }
    unsigned mma_b_h_143[2];
    {
      unsigned __lane = threadIdx.x & 31u;
      unsigned __rit  = __lane & 7u;
      unsigned __grp  = __lane >> 3;
      unsigned __bo;
      unsigned __col = (__grp & 1u) << 7;
      __bo = (__rit << 4) + __col;
      __bo += i_42;
      unsigned __smem;
      asm volatile("{ .reg .u64 u; cvta.to.shared.u64 u, %1; cvt.u32.u64 %0, u; }" : "=r"(__smem) : "l"((const char *) adi_4 + __bo));
      asm volatile("ldmatrix.sync.aligned.m8n8.x2.trans.shared.b16 {%0,%1}, [%2];" : "=r"(mma_b_h_143[0]), "=r"(mma_b_h_143[1]) : "r"(__smem));
    }
    unsigned mma_b_h_144[2];
    {
      unsigned __lane = threadIdx.x & 31u;
      unsigned __rit  = __lane & 7u;
      unsigned __grp  = __lane >> 3;
      unsigned __bo;
      unsigned __col = (__grp & 1u) << 7;
      __bo = (__rit << 4) + __col;
      __bo += i_41;
      unsigned __smem;
      asm volatile("{ .reg .u64 u; cvta.to.shared.u64 u, %1; cvt.u32.u64 %0, u; }" : "=r"(__smem) : "l"((const char *) adi_4 + __bo));
      asm volatile("ldmatrix.sync.aligned.m8n8.x2.trans.shared.b16 {%0,%1}, [%2];" : "=r"(mma_b_h_144[0]), "=r"(mma_b_h_144[1]) : "r"(__smem));
    }
    unsigned mma_b_h_145[2];
    {
      unsigned __lane = threadIdx.x & 31u;
      unsigned __rit  = __lane & 7u;
      unsigned __grp  = __lane >> 3;
      unsigned __bo;
      unsigned __col = (__grp & 1u) << 7;
      __bo = (__rit << 4) + __col;
      __bo += i_39;
      unsigned __smem;
      asm volatile("{ .reg .u64 u; cvta.to.shared.u64 u, %1; cvt.u32.u64 %0, u; }" : "=r"(__smem) : "l"((const char *) adi_4 + __bo));
      asm volatile("ldmatrix.sync.aligned.m8n8.x2.trans.shared.b16 {%0,%1}, [%2];" : "=r"(mma_b_h_145[0]), "=r"(mma_b_h_145[1]) : "r"(__smem));
    }
    unsigned mma_b_h_146[2];
    {
      unsigned __lane = threadIdx.x & 31u;
      unsigned __rit  = __lane & 7u;
      unsigned __grp  = __lane >> 3;
      unsigned __bo;
      unsigned __col = (__grp & 1u) << 7;
      __bo = (__rit << 4) + __col;
      __bo += i_37;
      unsigned __smem;
      asm volatile("{ .reg .u64 u; cvta.to.shared.u64 u, %1; cvt.u32.u64 %0, u; }" : "=r"(__smem) : "l"((const char *) adi_4 + __bo));
      asm volatile("ldmatrix.sync.aligned.m8n8.x2.trans.shared.b16 {%0,%1}, [%2];" : "=r"(mma_b_h_146[0]), "=r"(mma_b_h_146[1]) : "r"(__smem));
    }
    unsigned mma_b_h_147[2];
    {
      unsigned __lane = threadIdx.x & 31u;
      unsigned __rit  = __lane & 7u;
      unsigned __grp  = __lane >> 3;
      unsigned __bo;
      unsigned __col = (__grp & 1u) << 7;
      __bo = (__rit << 4) + __col;
      __bo += i_35;
      unsigned __smem;
      asm volatile("{ .reg .u64 u; cvta.to.shared.u64 u, %1; cvt.u32.u64 %0, u; }" : "=r"(__smem) : "l"((const char *) adi_4 + __bo));
      asm volatile("ldmatrix.sync.aligned.m8n8.x2.trans.shared.b16 {%0,%1}, [%2];" : "=r"(mma_b_h_147[0]), "=r"(mma_b_h_147[1]) : "r"(__smem));
    }
    unsigned mma_b_h_148[2];
    {
      unsigned __lane = threadIdx.x & 31u;
      unsigned __rit  = __lane & 7u;
      unsigned __grp  = __lane >> 3;
      unsigned __bo;
      unsigned __col = (__grp & 1u) << 7;
      __bo = (__rit << 4) + __col;
      __bo += i_33;
      unsigned __smem;
      asm volatile("{ .reg .u64 u; cvta.to.shared.u64 u, %1; cvt.u32.u64 %0, u; }" : "=r"(__smem) : "l"((const char *) adi_4 + __bo));
      asm volatile("ldmatrix.sync.aligned.m8n8.x2.trans.shared.b16 {%0,%1}, [%2];" : "=r"(mma_b_h_148[0]), "=r"(mma_b_h_148[1]) : "r"(__smem));
    }
    unsigned mma_b_h_149[2];
    {
      unsigned __lane = threadIdx.x & 31u;
      unsigned __rit  = __lane & 7u;
      unsigned __grp  = __lane >> 3;
      unsigned __bo;
      unsigned __col = (__grp & 1u) << 7;
      __bo = (__rit << 4) + __col;
      __bo += i_31;
      unsigned __smem;
      asm volatile("{ .reg .u64 u; cvta.to.shared.u64 u, %1; cvt.u32.u64 %0, u; }" : "=r"(__smem) : "l"((const char *) adi_4 + __bo));
      asm volatile("ldmatrix.sync.aligned.m8n8.x2.trans.shared.b16 {%0,%1}, [%2];" : "=r"(mma_b_h_149[0]), "=r"(mma_b_h_149[1]) : "r"(__smem));
    }
    unsigned mma_b_h_150[2];
    {
      unsigned __lane = threadIdx.x & 31u;
      unsigned __rit  = __lane & 7u;
      unsigned __grp  = __lane >> 3;
      unsigned __bo;
      unsigned __col = (__grp & 1u) << 7;
      __bo = (__rit << 4) + __col;
      __bo += i_29;
      unsigned __smem;
      asm volatile("{ .reg .u64 u; cvta.to.shared.u64 u, %1; cvt.u32.u64 %0, u; }" : "=r"(__smem) : "l"((const char *) adi_4 + __bo));
      asm volatile("ldmatrix.sync.aligned.m8n8.x2.trans.shared.b16 {%0,%1}, [%2];" : "=r"(mma_b_h_150[0]), "=r"(mma_b_h_150[1]) : "r"(__smem));
    }
    float mma_acc_f_151[4];
    asm volatile("mma.sync.aligned.m16n8k16.row.col.f32.f16.f16.f32 {%0,%1,%2,%3}, {%4,%5,%6,%7}, {%8,%9}, {%10,%11,%12,%13};" : "=f"(mma_acc_f_151[0]), "=f"(mma_acc_f_151[1]), "=f"(mma_acc_f_151[2]), "=f"(mma_acc_f_151[3]) : "r"(mma_a_h_141[0]), "r"(mma_a_h_141[1]), "r"(mma_a_h_141[2]), "r"(mma_a_h_141[3]), "r"(mma_b_h_143[0]), "r"(mma_b_h_143[1]), "f"(ul_53[0]), "f"(ul_53[1]), "f"(ul_53[2]), "f"(ul_53[3]));
    float mma_acc_f_152[4];
    asm volatile("mma.sync.aligned.m16n8k16.row.col.f32.f16.f16.f32 {%0,%1,%2,%3}, {%4,%5,%6,%7}, {%8,%9}, {%10,%11,%12,%13};" : "=f"(mma_acc_f_152[0]), "=f"(mma_acc_f_152[1]), "=f"(mma_acc_f_152[2]), "=f"(mma_acc_f_152[3]) : "r"(mma_a_h_141[0]), "r"(mma_a_h_141[1]), "r"(mma_a_h_141[2]), "r"(mma_a_h_141[3]), "r"(mma_b_h_144[0]), "r"(mma_b_h_144[1]), "f"(ul_54[0]), "f"(ul_54[1]), "f"(ul_54[2]), "f"(ul_54[3]));
    float mma_acc_f_153[4];
    asm volatile("mma.sync.aligned.m16n8k16.row.col.f32.f16.f16.f32 {%0,%1,%2,%3}, {%4,%5,%6,%7}, {%8,%9}, {%10,%11,%12,%13};" : "=f"(mma_acc_f_153[0]), "=f"(mma_acc_f_153[1]), "=f"(mma_acc_f_153[2]), "=f"(mma_acc_f_153[3]) : "r"(mma_a_h_141[0]), "r"(mma_a_h_141[1]), "r"(mma_a_h_141[2]), "r"(mma_a_h_141[3]), "r"(mma_b_h_145[0]), "r"(mma_b_h_145[1]), "f"(ul_55[0]), "f"(ul_55[1]), "f"(ul_55[2]), "f"(ul_55[3]));
    float mma_acc_f_154[4];
    asm volatile("mma.sync.aligned.m16n8k16.row.col.f32.f16.f16.f32 {%0,%1,%2,%3}, {%4,%5,%6,%7}, {%8,%9}, {%10,%11,%12,%13};" : "=f"(mma_acc_f_154[0]), "=f"(mma_acc_f_154[1]), "=f"(mma_acc_f_154[2]), "=f"(mma_acc_f_154[3]) : "r"(mma_a_h_141[0]), "r"(mma_a_h_141[1]), "r"(mma_a_h_141[2]), "r"(mma_a_h_141[3]), "r"(mma_b_h_146[0]), "r"(mma_b_h_146[1]), "f"(ul_56[0]), "f"(ul_56[1]), "f"(ul_56[2]), "f"(ul_56[3]));
    float mma_acc_f_155[4];
    asm volatile("mma.sync.aligned.m16n8k16.row.col.f32.f16.f16.f32 {%0,%1,%2,%3}, {%4,%5,%6,%7}, {%8,%9}, {%10,%11,%12,%13};" : "=f"(mma_acc_f_155[0]), "=f"(mma_acc_f_155[1]), "=f"(mma_acc_f_155[2]), "=f"(mma_acc_f_155[3]) : "r"(mma_a_h_141[0]), "r"(mma_a_h_141[1]), "r"(mma_a_h_141[2]), "r"(mma_a_h_141[3]), "r"(mma_b_h_147[0]), "r"(mma_b_h_147[1]), "f"(ul_57[0]), "f"(ul_57[1]), "f"(ul_57[2]), "f"(ul_57[3]));
    float mma_acc_f_156[4];
    asm volatile("mma.sync.aligned.m16n8k16.row.col.f32.f16.f16.f32 {%0,%1,%2,%3}, {%4,%5,%6,%7}, {%8,%9}, {%10,%11,%12,%13};" : "=f"(mma_acc_f_156[0]), "=f"(mma_acc_f_156[1]), "=f"(mma_acc_f_156[2]), "=f"(mma_acc_f_156[3]) : "r"(mma_a_h_141[0]), "r"(mma_a_h_141[1]), "r"(mma_a_h_141[2]), "r"(mma_a_h_141[3]), "r"(mma_b_h_148[0]), "r"(mma_b_h_148[1]), "f"(ul_58[0]), "f"(ul_58[1]), "f"(ul_58[2]), "f"(ul_58[3]));
    float mma_acc_f_157[4];
    asm volatile("mma.sync.aligned.m16n8k16.row.col.f32.f16.f16.f32 {%0,%1,%2,%3}, {%4,%5,%6,%7}, {%8,%9}, {%10,%11,%12,%13};" : "=f"(mma_acc_f_157[0]), "=f"(mma_acc_f_157[1]), "=f"(mma_acc_f_157[2]), "=f"(mma_acc_f_157[3]) : "r"(mma_a_h_141[0]), "r"(mma_a_h_141[1]), "r"(mma_a_h_141[2]), "r"(mma_a_h_141[3]), "r"(mma_b_h_149[0]), "r"(mma_b_h_149[1]), "f"(ul_59[0]), "f"(ul_59[1]), "f"(ul_59[2]), "f"(ul_59[3]));
    float mma_acc_f_158[4];
    asm volatile("mma.sync.aligned.m16n8k16.row.col.f32.f16.f16.f32 {%0,%1,%2,%3}, {%4,%5,%6,%7}, {%8,%9}, {%10,%11,%12,%13};" : "=f"(mma_acc_f_158[0]), "=f"(mma_acc_f_158[1]), "=f"(mma_acc_f_158[2]), "=f"(mma_acc_f_158[3]) : "r"(mma_a_h_141[0]), "r"(mma_a_h_141[1]), "r"(mma_a_h_141[2]), "r"(mma_a_h_141[3]), "r"(mma_b_h_150[0]), "r"(mma_b_h_150[1]), "f"(ul_60[0]), "f"(ul_60[1]), "f"(ul_60[2]), "f"(ul_60[3]));
    float mma_acc_f_159[4];
    asm volatile("mma.sync.aligned.m16n8k16.row.col.f32.f16.f16.f32 {%0,%1,%2,%3}, {%4,%5,%6,%7}, {%8,%9}, {%10,%11,%12,%13};" : "=f"(mma_acc_f_159[0]), "=f"(mma_acc_f_159[1]), "=f"(mma_acc_f_159[2]), "=f"(mma_acc_f_159[3]) : "r"(mma_a_h_142[0]), "r"(mma_a_h_142[1]), "r"(mma_a_h_142[2]), "r"(mma_a_h_142[3]), "r"(mma_b_h_143[0]), "r"(mma_b_h_143[1]), "f"(ul_61[0]), "f"(ul_61[1]), "f"(ul_61[2]), "f"(ul_61[3]));
    float mma_acc_f_160[4];
    asm volatile("mma.sync.aligned.m16n8k16.row.col.f32.f16.f16.f32 {%0,%1,%2,%3}, {%4,%5,%6,%7}, {%8,%9}, {%10,%11,%12,%13};" : "=f"(mma_acc_f_160[0]), "=f"(mma_acc_f_160[1]), "=f"(mma_acc_f_160[2]), "=f"(mma_acc_f_160[3]) : "r"(mma_a_h_142[0]), "r"(mma_a_h_142[1]), "r"(mma_a_h_142[2]), "r"(mma_a_h_142[3]), "r"(mma_b_h_144[0]), "r"(mma_b_h_144[1]), "f"(ul_62[0]), "f"(ul_62[1]), "f"(ul_62[2]), "f"(ul_62[3]));
    float mma_acc_f_161[4];
    asm volatile("mma.sync.aligned.m16n8k16.row.col.f32.f16.f16.f32 {%0,%1,%2,%3}, {%4,%5,%6,%7}, {%8,%9}, {%10,%11,%12,%13};" : "=f"(mma_acc_f_161[0]), "=f"(mma_acc_f_161[1]), "=f"(mma_acc_f_161[2]), "=f"(mma_acc_f_161[3]) : "r"(mma_a_h_142[0]), "r"(mma_a_h_142[1]), "r"(mma_a_h_142[2]), "r"(mma_a_h_142[3]), "r"(mma_b_h_145[0]), "r"(mma_b_h_145[1]), "f"(ul_63[0]), "f"(ul_63[1]), "f"(ul_63[2]), "f"(ul_63[3]));
    float mma_acc_f_162[4];
    asm volatile("mma.sync.aligned.m16n8k16.row.col.f32.f16.f16.f32 {%0,%1,%2,%3}, {%4,%5,%6,%7}, {%8,%9}, {%10,%11,%12,%13};" : "=f"(mma_acc_f_162[0]), "=f"(mma_acc_f_162[1]), "=f"(mma_acc_f_162[2]), "=f"(mma_acc_f_162[3]) : "r"(mma_a_h_142[0]), "r"(mma_a_h_142[1]), "r"(mma_a_h_142[2]), "r"(mma_a_h_142[3]), "r"(mma_b_h_146[0]), "r"(mma_b_h_146[1]), "f"(ul_64[0]), "f"(ul_64[1]), "f"(ul_64[2]), "f"(ul_64[3]));
    float mma_acc_f_163[4];
    asm volatile("mma.sync.aligned.m16n8k16.row.col.f32.f16.f16.f32 {%0,%1,%2,%3}, {%4,%5,%6,%7}, {%8,%9}, {%10,%11,%12,%13};" : "=f"(mma_acc_f_163[0]), "=f"(mma_acc_f_163[1]), "=f"(mma_acc_f_163[2]), "=f"(mma_acc_f_163[3]) : "r"(mma_a_h_142[0]), "r"(mma_a_h_142[1]), "r"(mma_a_h_142[2]), "r"(mma_a_h_142[3]), "r"(mma_b_h_147[0]), "r"(mma_b_h_147[1]), "f"(ul_65[0]), "f"(ul_65[1]), "f"(ul_65[2]), "f"(ul_65[3]));
    float mma_acc_f_164[4];
    asm volatile("mma.sync.aligned.m16n8k16.row.col.f32.f16.f16.f32 {%0,%1,%2,%3}, {%4,%5,%6,%7}, {%8,%9}, {%10,%11,%12,%13};" : "=f"(mma_acc_f_164[0]), "=f"(mma_acc_f_164[1]), "=f"(mma_acc_f_164[2]), "=f"(mma_acc_f_164[3]) : "r"(mma_a_h_142[0]), "r"(mma_a_h_142[1]), "r"(mma_a_h_142[2]), "r"(mma_a_h_142[3]), "r"(mma_b_h_148[0]), "r"(mma_b_h_148[1]), "f"(ul_66[0]), "f"(ul_66[1]), "f"(ul_66[2]), "f"(ul_66[3]));
    float mma_acc_f_165[4];
    asm volatile("mma.sync.aligned.m16n8k16.row.col.f32.f16.f16.f32 {%0,%1,%2,%3}, {%4,%5,%6,%7}, {%8,%9}, {%10,%11,%12,%13};" : "=f"(mma_acc_f_165[0]), "=f"(mma_acc_f_165[1]), "=f"(mma_acc_f_165[2]), "=f"(mma_acc_f_165[3]) : "r"(mma_a_h_142[0]), "r"(mma_a_h_142[1]), "r"(mma_a_h_142[2]), "r"(mma_a_h_142[3]), "r"(mma_b_h_149[0]), "r"(mma_b_h_149[1]), "f"(ul_67[0]), "f"(ul_67[1]), "f"(ul_67[2]), "f"(ul_67[3]));
    float mma_acc_f_166[4];
    asm volatile("mma.sync.aligned.m16n8k16.row.col.f32.f16.f16.f32 {%0,%1,%2,%3}, {%4,%5,%6,%7}, {%8,%9}, {%10,%11,%12,%13};" : "=f"(mma_acc_f_166[0]), "=f"(mma_acc_f_166[1]), "=f"(mma_acc_f_166[2]), "=f"(mma_acc_f_166[3]) : "r"(mma_a_h_142[0]), "r"(mma_a_h_142[1]), "r"(mma_a_h_142[2]), "r"(mma_a_h_142[3]), "r"(mma_b_h_150[0]), "r"(mma_b_h_150[1]), "f"(ul_68[0]), "f"(ul_68[1]), "f"(ul_68[2]), "f"(ul_68[3]));
    __syncthreads();
    i_167  =  i_69 + 1;
    ul_53[0]  =  mma_acc_f_151[0];
    ul_53[1]  =  mma_acc_f_151[1];
    ul_53[2]  =  mma_acc_f_151[2];
    ul_53[3]  =  mma_acc_f_151[3];
    ul_54[0]  =  mma_acc_f_152[0];
    ul_54[1]  =  mma_acc_f_152[1];
    ul_54[2]  =  mma_acc_f_152[2];
    ul_54[3]  =  mma_acc_f_152[3];
    ul_55[0]  =  mma_acc_f_153[0];
    ul_55[1]  =  mma_acc_f_153[1];
    ul_55[2]  =  mma_acc_f_153[2];
    ul_55[3]  =  mma_acc_f_153[3];
    ul_56[0]  =  mma_acc_f_154[0];
    ul_56[1]  =  mma_acc_f_154[1];
    ul_56[2]  =  mma_acc_f_154[2];
    ul_56[3]  =  mma_acc_f_154[3];
    ul_57[0]  =  mma_acc_f_155[0];
    ul_57[1]  =  mma_acc_f_155[1];
    ul_57[2]  =  mma_acc_f_155[2];
    ul_57[3]  =  mma_acc_f_155[3];
    ul_58[0]  =  mma_acc_f_156[0];
    ul_58[1]  =  mma_acc_f_156[1];
    ul_58[2]  =  mma_acc_f_156[2];
    ul_58[3]  =  mma_acc_f_156[3];
    ul_59[0]  =  mma_acc_f_157[0];
    ul_59[1]  =  mma_acc_f_157[1];
    ul_59[2]  =  mma_acc_f_157[2];
    ul_59[3]  =  mma_acc_f_157[3];
    ul_60[0]  =  mma_acc_f_158[0];
    ul_60[1]  =  mma_acc_f_158[1];
    ul_60[2]  =  mma_acc_f_158[2];
    ul_60[3]  =  mma_acc_f_158[3];
    ul_61[0]  =  mma_acc_f_159[0];
    ul_61[1]  =  mma_acc_f_159[1];
    ul_61[2]  =  mma_acc_f_159[2];
    ul_61[3]  =  mma_acc_f_159[3];
    ul_62[0]  =  mma_acc_f_160[0];
    ul_62[1]  =  mma_acc_f_160[1];
    ul_62[2]  =  mma_acc_f_160[2];
    ul_62[3]  =  mma_acc_f_160[3];
    ul_63[0]  =  mma_acc_f_161[0];
    ul_63[1]  =  mma_acc_f_161[1];
    ul_63[2]  =  mma_acc_f_161[2];
    ul_63[3]  =  mma_acc_f_161[3];
    ul_64[0]  =  mma_acc_f_162[0];
    ul_64[1]  =  mma_acc_f_162[1];
    ul_64[2]  =  mma_acc_f_162[2];
    ul_64[3]  =  mma_acc_f_162[3];
    ul_65[0]  =  mma_acc_f_163[0];
    ul_65[1]  =  mma_acc_f_163[1];
    ul_65[2]  =  mma_acc_f_163[2];
    ul_65[3]  =  mma_acc_f_163[3];
    ul_66[0]  =  mma_acc_f_164[0];
    ul_66[1]  =  mma_acc_f_164[1];
    ul_66[2]  =  mma_acc_f_164[2];
    ul_66[3]  =  mma_acc_f_164[3];
    ul_67[0]  =  mma_acc_f_165[0];
    ul_67[1]  =  mma_acc_f_165[1];
    ul_67[2]  =  mma_acc_f_165[2];
    ul_67[3]  =  mma_acc_f_165[3];
    ul_68[0]  =  mma_acc_f_166[0];
    ul_68[1]  =  mma_acc_f_166[1];
    ul_68[2]  =  mma_acc_f_166[2];
    ul_68[3]  =  mma_acc_f_166[3];
    i_69  =  i_167;
  }  // B1
  // BLOCK 9
  i_168  =  i_45 << 5;
  i_169  =  i_168 + i_52;
  i_170  =  i_26 << 6;
  i_171  =  i_170 + i_49;
  {
    unsigned __lane = threadIdx.x & 31u;
    unsigned __rit0 = (__lane >> 2);
    unsigned __cit0 = ((__lane & 3u) << 1);
    unsigned __idx0 = (i_169 + __rit0) * 512 + (i_171 + __cit0);
    ((float *) ((char *) ul_2 + 16u))[__idx0] = ul_53[0];
    unsigned __rit1 = (__lane >> 2);
    unsigned __cit1 = ((__lane & 3u) << 1) + 1u;
    unsigned __idx1 = (i_169 + __rit1) * 512 + (i_171 + __cit1);
    ((float *) ((char *) ul_2 + 16u))[__idx1] = ul_53[1];
    unsigned __rit2 = (__lane >> 2) + 8u;
    unsigned __cit2 = ((__lane & 3u) << 1);
    unsigned __idx2 = (i_169 + __rit2) * 512 + (i_171 + __cit2);
    ((float *) ((char *) ul_2 + 16u))[__idx2] = ul_53[2];
    unsigned __rit3 = (__lane >> 2) + 8u;
    unsigned __cit3 = ((__lane & 3u) << 1) + 1u;
    unsigned __idx3 = (i_169 + __rit3) * 512 + (i_171 + __cit3);
    ((float *) ((char *) ul_2 + 16u))[__idx3] = ul_53[3];
  }
  i_172  =  i_171 + 8;
  {
    unsigned __lane = threadIdx.x & 31u;
    unsigned __rit0 = (__lane >> 2);
    unsigned __cit0 = ((__lane & 3u) << 1);
    unsigned __idx0 = (i_169 + __rit0) * 512 + (i_172 + __cit0);
    ((float *) ((char *) ul_2 + 16u))[__idx0] = ul_54[0];
    unsigned __rit1 = (__lane >> 2);
    unsigned __cit1 = ((__lane & 3u) << 1) + 1u;
    unsigned __idx1 = (i_169 + __rit1) * 512 + (i_172 + __cit1);
    ((float *) ((char *) ul_2 + 16u))[__idx1] = ul_54[1];
    unsigned __rit2 = (__lane >> 2) + 8u;
    unsigned __cit2 = ((__lane & 3u) << 1);
    unsigned __idx2 = (i_169 + __rit2) * 512 + (i_172 + __cit2);
    ((float *) ((char *) ul_2 + 16u))[__idx2] = ul_54[2];
    unsigned __rit3 = (__lane >> 2) + 8u;
    unsigned __cit3 = ((__lane & 3u) << 1) + 1u;
    unsigned __idx3 = (i_169 + __rit3) * 512 + (i_172 + __cit3);
    ((float *) ((char *) ul_2 + 16u))[__idx3] = ul_54[3];
  }
  i_173  =  i_171 + 16;
  {
    unsigned __lane = threadIdx.x & 31u;
    unsigned __rit0 = (__lane >> 2);
    unsigned __cit0 = ((__lane & 3u) << 1);
    unsigned __idx0 = (i_169 + __rit0) * 512 + (i_173 + __cit0);
    ((float *) ((char *) ul_2 + 16u))[__idx0] = ul_55[0];
    unsigned __rit1 = (__lane >> 2);
    unsigned __cit1 = ((__lane & 3u) << 1) + 1u;
    unsigned __idx1 = (i_169 + __rit1) * 512 + (i_173 + __cit1);
    ((float *) ((char *) ul_2 + 16u))[__idx1] = ul_55[1];
    unsigned __rit2 = (__lane >> 2) + 8u;
    unsigned __cit2 = ((__lane & 3u) << 1);
    unsigned __idx2 = (i_169 + __rit2) * 512 + (i_173 + __cit2);
    ((float *) ((char *) ul_2 + 16u))[__idx2] = ul_55[2];
    unsigned __rit3 = (__lane >> 2) + 8u;
    unsigned __cit3 = ((__lane & 3u) << 1) + 1u;
    unsigned __idx3 = (i_169 + __rit3) * 512 + (i_173 + __cit3);
    ((float *) ((char *) ul_2 + 16u))[__idx3] = ul_55[3];
  }
  i_174  =  i_171 + 24;
  {
    unsigned __lane = threadIdx.x & 31u;
    unsigned __rit0 = (__lane >> 2);
    unsigned __cit0 = ((__lane & 3u) << 1);
    unsigned __idx0 = (i_169 + __rit0) * 512 + (i_174 + __cit0);
    ((float *) ((char *) ul_2 + 16u))[__idx0] = ul_56[0];
    unsigned __rit1 = (__lane >> 2);
    unsigned __cit1 = ((__lane & 3u) << 1) + 1u;
    unsigned __idx1 = (i_169 + __rit1) * 512 + (i_174 + __cit1);
    ((float *) ((char *) ul_2 + 16u))[__idx1] = ul_56[1];
    unsigned __rit2 = (__lane >> 2) + 8u;
    unsigned __cit2 = ((__lane & 3u) << 1);
    unsigned __idx2 = (i_169 + __rit2) * 512 + (i_174 + __cit2);
    ((float *) ((char *) ul_2 + 16u))[__idx2] = ul_56[2];
    unsigned __rit3 = (__lane >> 2) + 8u;
    unsigned __cit3 = ((__lane & 3u) << 1) + 1u;
    unsigned __idx3 = (i_169 + __rit3) * 512 + (i_174 + __cit3);
    ((float *) ((char *) ul_2 + 16u))[__idx3] = ul_56[3];
  }
  i_175  =  i_171 + 32;
  {
    unsigned __lane = threadIdx.x & 31u;
    unsigned __rit0 = (__lane >> 2);
    unsigned __cit0 = ((__lane & 3u) << 1);
    unsigned __idx0 = (i_169 + __rit0) * 512 + (i_175 + __cit0);
    ((float *) ((char *) ul_2 + 16u))[__idx0] = ul_57[0];
    unsigned __rit1 = (__lane >> 2);
    unsigned __cit1 = ((__lane & 3u) << 1) + 1u;
    unsigned __idx1 = (i_169 + __rit1) * 512 + (i_175 + __cit1);
    ((float *) ((char *) ul_2 + 16u))[__idx1] = ul_57[1];
    unsigned __rit2 = (__lane >> 2) + 8u;
    unsigned __cit2 = ((__lane & 3u) << 1);
    unsigned __idx2 = (i_169 + __rit2) * 512 + (i_175 + __cit2);
    ((float *) ((char *) ul_2 + 16u))[__idx2] = ul_57[2];
    unsigned __rit3 = (__lane >> 2) + 8u;
    unsigned __cit3 = ((__lane & 3u) << 1) + 1u;
    unsigned __idx3 = (i_169 + __rit3) * 512 + (i_175 + __cit3);
    ((float *) ((char *) ul_2 + 16u))[__idx3] = ul_57[3];
  }
  i_176  =  i_171 + 40;
  {
    unsigned __lane = threadIdx.x & 31u;
    unsigned __rit0 = (__lane >> 2);
    unsigned __cit0 = ((__lane & 3u) << 1);
    unsigned __idx0 = (i_169 + __rit0) * 512 + (i_176 + __cit0);
    ((float *) ((char *) ul_2 + 16u))[__idx0] = ul_58[0];
    unsigned __rit1 = (__lane >> 2);
    unsigned __cit1 = ((__lane & 3u) << 1) + 1u;
    unsigned __idx1 = (i_169 + __rit1) * 512 + (i_176 + __cit1);
    ((float *) ((char *) ul_2 + 16u))[__idx1] = ul_58[1];
    unsigned __rit2 = (__lane >> 2) + 8u;
    unsigned __cit2 = ((__lane & 3u) << 1);
    unsigned __idx2 = (i_169 + __rit2) * 512 + (i_176 + __cit2);
    ((float *) ((char *) ul_2 + 16u))[__idx2] = ul_58[2];
    unsigned __rit3 = (__lane >> 2) + 8u;
    unsigned __cit3 = ((__lane & 3u) << 1) + 1u;
    unsigned __idx3 = (i_169 + __rit3) * 512 + (i_176 + __cit3);
    ((float *) ((char *) ul_2 + 16u))[__idx3] = ul_58[3];
  }
  i_177  =  i_171 + 48;
  {
    unsigned __lane = threadIdx.x & 31u;
    unsigned __rit0 = (__lane >> 2);
    unsigned __cit0 = ((__lane & 3u) << 1);
    unsigned __idx0 = (i_169 + __rit0) * 512 + (i_177 + __cit0);
    ((float *) ((char *) ul_2 + 16u))[__idx0] = ul_59[0];
    unsigned __rit1 = (__lane >> 2);
    unsigned __cit1 = ((__lane & 3u) << 1) + 1u;
    unsigned __idx1 = (i_169 + __rit1) * 512 + (i_177 + __cit1);
    ((float *) ((char *) ul_2 + 16u))[__idx1] = ul_59[1];
    unsigned __rit2 = (__lane >> 2) + 8u;
    unsigned __cit2 = ((__lane & 3u) << 1);
    unsigned __idx2 = (i_169 + __rit2) * 512 + (i_177 + __cit2);
    ((float *) ((char *) ul_2 + 16u))[__idx2] = ul_59[2];
    unsigned __rit3 = (__lane >> 2) + 8u;
    unsigned __cit3 = ((__lane & 3u) << 1) + 1u;
    unsigned __idx3 = (i_169 + __rit3) * 512 + (i_177 + __cit3);
    ((float *) ((char *) ul_2 + 16u))[__idx3] = ul_59[3];
  }
  i_178  =  i_171 + 56;
  {
    unsigned __lane = threadIdx.x & 31u;
    unsigned __rit0 = (__lane >> 2);
    unsigned __cit0 = ((__lane & 3u) << 1);
    unsigned __idx0 = (i_169 + __rit0) * 512 + (i_178 + __cit0);
    ((float *) ((char *) ul_2 + 16u))[__idx0] = ul_60[0];
    unsigned __rit1 = (__lane >> 2);
    unsigned __cit1 = ((__lane & 3u) << 1) + 1u;
    unsigned __idx1 = (i_169 + __rit1) * 512 + (i_178 + __cit1);
    ((float *) ((char *) ul_2 + 16u))[__idx1] = ul_60[1];
    unsigned __rit2 = (__lane >> 2) + 8u;
    unsigned __cit2 = ((__lane & 3u) << 1);
    unsigned __idx2 = (i_169 + __rit2) * 512 + (i_178 + __cit2);
    ((float *) ((char *) ul_2 + 16u))[__idx2] = ul_60[2];
    unsigned __rit3 = (__lane >> 2) + 8u;
    unsigned __cit3 = ((__lane & 3u) << 1) + 1u;
    unsigned __idx3 = (i_169 + __rit3) * 512 + (i_178 + __cit3);
    ((float *) ((char *) ul_2 + 16u))[__idx3] = ul_60[3];
  }
  i_179  =  i_169 + 16;
  {
    unsigned __lane = threadIdx.x & 31u;
    unsigned __rit0 = (__lane >> 2);
    unsigned __cit0 = ((__lane & 3u) << 1);
    unsigned __idx0 = (i_179 + __rit0) * 512 + (i_171 + __cit0);
    ((float *) ((char *) ul_2 + 16u))[__idx0] = ul_61[0];
    unsigned __rit1 = (__lane >> 2);
    unsigned __cit1 = ((__lane & 3u) << 1) + 1u;
    unsigned __idx1 = (i_179 + __rit1) * 512 + (i_171 + __cit1);
    ((float *) ((char *) ul_2 + 16u))[__idx1] = ul_61[1];
    unsigned __rit2 = (__lane >> 2) + 8u;
    unsigned __cit2 = ((__lane & 3u) << 1);
    unsigned __idx2 = (i_179 + __rit2) * 512 + (i_171 + __cit2);
    ((float *) ((char *) ul_2 + 16u))[__idx2] = ul_61[2];
    unsigned __rit3 = (__lane >> 2) + 8u;
    unsigned __cit3 = ((__lane & 3u) << 1) + 1u;
    unsigned __idx3 = (i_179 + __rit3) * 512 + (i_171 + __cit3);
    ((float *) ((char *) ul_2 + 16u))[__idx3] = ul_61[3];
  }
  {
    unsigned __lane = threadIdx.x & 31u;
    unsigned __rit0 = (__lane >> 2);
    unsigned __cit0 = ((__lane & 3u) << 1);
    unsigned __idx0 = (i_179 + __rit0) * 512 + (i_172 + __cit0);
    ((float *) ((char *) ul_2 + 16u))[__idx0] = ul_62[0];
    unsigned __rit1 = (__lane >> 2);
    unsigned __cit1 = ((__lane & 3u) << 1) + 1u;
    unsigned __idx1 = (i_179 + __rit1) * 512 + (i_172 + __cit1);
    ((float *) ((char *) ul_2 + 16u))[__idx1] = ul_62[1];
    unsigned __rit2 = (__lane >> 2) + 8u;
    unsigned __cit2 = ((__lane & 3u) << 1);
    unsigned __idx2 = (i_179 + __rit2) * 512 + (i_172 + __cit2);
    ((float *) ((char *) ul_2 + 16u))[__idx2] = ul_62[2];
    unsigned __rit3 = (__lane >> 2) + 8u;
    unsigned __cit3 = ((__lane & 3u) << 1) + 1u;
    unsigned __idx3 = (i_179 + __rit3) * 512 + (i_172 + __cit3);
    ((float *) ((char *) ul_2 + 16u))[__idx3] = ul_62[3];
  }
  {
    unsigned __lane = threadIdx.x & 31u;
    unsigned __rit0 = (__lane >> 2);
    unsigned __cit0 = ((__lane & 3u) << 1);
    unsigned __idx0 = (i_179 + __rit0) * 512 + (i_173 + __cit0);
    ((float *) ((char *) ul_2 + 16u))[__idx0] = ul_63[0];
    unsigned __rit1 = (__lane >> 2);
    unsigned __cit1 = ((__lane & 3u) << 1) + 1u;
    unsigned __idx1 = (i_179 + __rit1) * 512 + (i_173 + __cit1);
    ((float *) ((char *) ul_2 + 16u))[__idx1] = ul_63[1];
    unsigned __rit2 = (__lane >> 2) + 8u;
    unsigned __cit2 = ((__lane & 3u) << 1);
    unsigned __idx2 = (i_179 + __rit2) * 512 + (i_173 + __cit2);
    ((float *) ((char *) ul_2 + 16u))[__idx2] = ul_63[2];
    unsigned __rit3 = (__lane >> 2) + 8u;
    unsigned __cit3 = ((__lane & 3u) << 1) + 1u;
    unsigned __idx3 = (i_179 + __rit3) * 512 + (i_173 + __cit3);
    ((float *) ((char *) ul_2 + 16u))[__idx3] = ul_63[3];
  }
  {
    unsigned __lane = threadIdx.x & 31u;
    unsigned __rit0 = (__lane >> 2);
    unsigned __cit0 = ((__lane & 3u) << 1);
    unsigned __idx0 = (i_179 + __rit0) * 512 + (i_174 + __cit0);
    ((float *) ((char *) ul_2 + 16u))[__idx0] = ul_64[0];
    unsigned __rit1 = (__lane >> 2);
    unsigned __cit1 = ((__lane & 3u) << 1) + 1u;
    unsigned __idx1 = (i_179 + __rit1) * 512 + (i_174 + __cit1);
    ((float *) ((char *) ul_2 + 16u))[__idx1] = ul_64[1];
    unsigned __rit2 = (__lane >> 2) + 8u;
    unsigned __cit2 = ((__lane & 3u) << 1);
    unsigned __idx2 = (i_179 + __rit2) * 512 + (i_174 + __cit2);
    ((float *) ((char *) ul_2 + 16u))[__idx2] = ul_64[2];
    unsigned __rit3 = (__lane >> 2) + 8u;
    unsigned __cit3 = ((__lane & 3u) << 1) + 1u;
    unsigned __idx3 = (i_179 + __rit3) * 512 + (i_174 + __cit3);
    ((float *) ((char *) ul_2 + 16u))[__idx3] = ul_64[3];
  }
  {
    unsigned __lane = threadIdx.x & 31u;
    unsigned __rit0 = (__lane >> 2);
    unsigned __cit0 = ((__lane & 3u) << 1);
    unsigned __idx0 = (i_179 + __rit0) * 512 + (i_175 + __cit0);
    ((float *) ((char *) ul_2 + 16u))[__idx0] = ul_65[0];
    unsigned __rit1 = (__lane >> 2);
    unsigned __cit1 = ((__lane & 3u) << 1) + 1u;
    unsigned __idx1 = (i_179 + __rit1) * 512 + (i_175 + __cit1);
    ((float *) ((char *) ul_2 + 16u))[__idx1] = ul_65[1];
    unsigned __rit2 = (__lane >> 2) + 8u;
    unsigned __cit2 = ((__lane & 3u) << 1);
    unsigned __idx2 = (i_179 + __rit2) * 512 + (i_175 + __cit2);
    ((float *) ((char *) ul_2 + 16u))[__idx2] = ul_65[2];
    unsigned __rit3 = (__lane >> 2) + 8u;
    unsigned __cit3 = ((__lane & 3u) << 1) + 1u;
    unsigned __idx3 = (i_179 + __rit3) * 512 + (i_175 + __cit3);
    ((float *) ((char *) ul_2 + 16u))[__idx3] = ul_65[3];
  }
  {
    unsigned __lane = threadIdx.x & 31u;
    unsigned __rit0 = (__lane >> 2);
    unsigned __cit0 = ((__lane & 3u) << 1);
    unsigned __idx0 = (i_179 + __rit0) * 512 + (i_176 + __cit0);
    ((float *) ((char *) ul_2 + 16u))[__idx0] = ul_66[0];
    unsigned __rit1 = (__lane >> 2);
    unsigned __cit1 = ((__lane & 3u) << 1) + 1u;
    unsigned __idx1 = (i_179 + __rit1) * 512 + (i_176 + __cit1);
    ((float *) ((char *) ul_2 + 16u))[__idx1] = ul_66[1];
    unsigned __rit2 = (__lane >> 2) + 8u;
    unsigned __cit2 = ((__lane & 3u) << 1);
    unsigned __idx2 = (i_179 + __rit2) * 512 + (i_176 + __cit2);
    ((float *) ((char *) ul_2 + 16u))[__idx2] = ul_66[2];
    unsigned __rit3 = (__lane >> 2) + 8u;
    unsigned __cit3 = ((__lane & 3u) << 1) + 1u;
    unsigned __idx3 = (i_179 + __rit3) * 512 + (i_176 + __cit3);
    ((float *) ((char *) ul_2 + 16u))[__idx3] = ul_66[3];
  }
  {
    unsigned __lane = threadIdx.x & 31u;
    unsigned __rit0 = (__lane >> 2);
    unsigned __cit0 = ((__lane & 3u) << 1);
    unsigned __idx0 = (i_179 + __rit0) * 512 + (i_177 + __cit0);
    ((float *) ((char *) ul_2 + 16u))[__idx0] = ul_67[0];
    unsigned __rit1 = (__lane >> 2);
    unsigned __cit1 = ((__lane & 3u) << 1) + 1u;
    unsigned __idx1 = (i_179 + __rit1) * 512 + (i_177 + __cit1);
    ((float *) ((char *) ul_2 + 16u))[__idx1] = ul_67[1];
    unsigned __rit2 = (__lane >> 2) + 8u;
    unsigned __cit2 = ((__lane & 3u) << 1);
    unsigned __idx2 = (i_179 + __rit2) * 512 + (i_177 + __cit2);
    ((float *) ((char *) ul_2 + 16u))[__idx2] = ul_67[2];
    unsigned __rit3 = (__lane >> 2) + 8u;
    unsigned __cit3 = ((__lane & 3u) << 1) + 1u;
    unsigned __idx3 = (i_179 + __rit3) * 512 + (i_177 + __cit3);
    ((float *) ((char *) ul_2 + 16u))[__idx3] = ul_67[3];
  }
  {
    unsigned __lane = threadIdx.x & 31u;
    unsigned __rit0 = (__lane >> 2);
    unsigned __cit0 = ((__lane & 3u) << 1);
    unsigned __idx0 = (i_179 + __rit0) * 512 + (i_178 + __cit0);
    ((float *) ((char *) ul_2 + 16u))[__idx0] = ul_68[0];
    unsigned __rit1 = (__lane >> 2);
    unsigned __cit1 = ((__lane & 3u) << 1) + 1u;
    unsigned __idx1 = (i_179 + __rit1) * 512 + (i_178 + __cit1);
    ((float *) ((char *) ul_2 + 16u))[__idx1] = ul_68[1];
    unsigned __rit2 = (__lane >> 2) + 8u;
    unsigned __cit2 = ((__lane & 3u) << 1);
    unsigned __idx2 = (i_179 + __rit2) * 512 + (i_178 + __cit2);
    ((float *) ((char *) ul_2 + 16u))[__idx2] = ul_68[2];
    unsigned __rit3 = (__lane >> 2) + 8u;
    unsigned __cit3 = ((__lane & 3u) << 1) + 1u;
    unsigned __idx3 = (i_179 + __rit3) * 512 + (i_178 + __cit3);
    ((float *) ((char *) ul_2 + 16u))[__idx3] = ul_68[3];
  }
  return;
}  //  kernel

#include <cuda_fp16.h>
extern "C" __global__ void gemmMMASwizzled(long long *_kernel_context, unsigned char *_constant_region, unsigned char *_local_region, int *_atomics, unsigned char *arg1, unsigned char *arg2, unsigned char *arg3, int arg4, int arg5, int arg6)
{
  unsigned long long ul_0, ul_1, ul_2, ul_85, ul_91, ul_122; 
  int i_21, i_22, i_23, i_24, i_25, i_26, i_27, i_28, i_29, i_30, i_31, i_32, i_33, i_34, i_35, i_36, i_37, i_38, i_39, i_40, i_41, i_42, i_43, i_44, i_45, i_46, i_47, i_48, i_49, i_50, i_51, i_68, i_69, i_70, i_71, i_72, i_73, i_74, i_75, i_76, i_77, i_78, i_79, i_80, i_81, i_87, i_93, i_94, i_101, i_102, i_103, i_104, i_105, i_106, i_107, i_108, i_109, i_110, i_111, i_112, i_113, i_114, i_115, i_116, i_117, i_118, i_124, i_125, i_152, i_153, i_154, i_155, i_156, i_157, i_158, i_159, i_160, i_161, i_162, i_163, i_164; 
  long long l_82, l_83, l_84, l_88, l_89, l_90, l_119, l_120, l_121; 
  __half half_86, half_92, half_123; 
  unsigned int ui_95, ui_96, ui_97, ui_98, ui_99, ui_100; 
  float ul_52[4];
  float ul_53[4];
  float ul_54[4];
  float ul_55[4];
  float ul_56[4];
  float ul_57[4];
  float ul_58[4];
  float ul_59[4];
  float ul_60[4];
  float ul_61[4];
  float ul_62[4];
  float ul_63[4];
  float ul_64[4];
  float ul_65[4];
  float ul_66[4];
  float ul_67[4];

  // BLOCK 0
  ul_0  =  (unsigned long long) arg1;
  ul_1  =  (unsigned long long) arg2;
  ul_2  =  (unsigned long long) arg3;
  __shared__ int adi_3[1024];
  __shared__ half half_4[2048];
  float mma_acc_f_5[4];
  mma_acc_f_5[0] = 0.0F;
  mma_acc_f_5[1] = 0.0F;
  mma_acc_f_5[2] = 0.0F;
  mma_acc_f_5[3] = 0.0F;
  float mma_acc_f_6[4];
  mma_acc_f_6[0] = 0.0F;
  mma_acc_f_6[1] = 0.0F;
  mma_acc_f_6[2] = 0.0F;
  mma_acc_f_6[3] = 0.0F;
  float mma_acc_f_7[4];
  mma_acc_f_7[0] = 0.0F;
  mma_acc_f_7[1] = 0.0F;
  mma_acc_f_7[2] = 0.0F;
  mma_acc_f_7[3] = 0.0F;
  float mma_acc_f_8[4];
  mma_acc_f_8[0] = 0.0F;
  mma_acc_f_8[1] = 0.0F;
  mma_acc_f_8[2] = 0.0F;
  mma_acc_f_8[3] = 0.0F;
  float mma_acc_f_9[4];
  mma_acc_f_9[0] = 0.0F;
  mma_acc_f_9[1] = 0.0F;
  mma_acc_f_9[2] = 0.0F;
  mma_acc_f_9[3] = 0.0F;
  float mma_acc_f_10[4];
  mma_acc_f_10[0] = 0.0F;
  mma_acc_f_10[1] = 0.0F;
  mma_acc_f_10[2] = 0.0F;
  mma_acc_f_10[3] = 0.0F;
  float mma_acc_f_11[4];
  mma_acc_f_11[0] = 0.0F;
  mma_acc_f_11[1] = 0.0F;
  mma_acc_f_11[2] = 0.0F;
  mma_acc_f_11[3] = 0.0F;
  float mma_acc_f_12[4];
  mma_acc_f_12[0] = 0.0F;
  mma_acc_f_12[1] = 0.0F;
  mma_acc_f_12[2] = 0.0F;
  mma_acc_f_12[3] = 0.0F;
  float mma_acc_f_13[4];
  mma_acc_f_13[0] = 0.0F;
  mma_acc_f_13[1] = 0.0F;
  mma_acc_f_13[2] = 0.0F;
  mma_acc_f_13[3] = 0.0F;
  float mma_acc_f_14[4];
  mma_acc_f_14[0] = 0.0F;
  mma_acc_f_14[1] = 0.0F;
  mma_acc_f_14[2] = 0.0F;
  mma_acc_f_14[3] = 0.0F;
  float mma_acc_f_15[4];
  mma_acc_f_15[0] = 0.0F;
  mma_acc_f_15[1] = 0.0F;
  mma_acc_f_15[2] = 0.0F;
  mma_acc_f_15[3] = 0.0F;
  float mma_acc_f_16[4];
  mma_acc_f_16[0] = 0.0F;
  mma_acc_f_16[1] = 0.0F;
  mma_acc_f_16[2] = 0.0F;
  mma_acc_f_16[3] = 0.0F;
  float mma_acc_f_17[4];
  mma_acc_f_17[0] = 0.0F;
  mma_acc_f_17[1] = 0.0F;
  mma_acc_f_17[2] = 0.0F;
  mma_acc_f_17[3] = 0.0F;
  float mma_acc_f_18[4];
  mma_acc_f_18[0] = 0.0F;
  mma_acc_f_18[1] = 0.0F;
  mma_acc_f_18[2] = 0.0F;
  mma_acc_f_18[3] = 0.0F;
  float mma_acc_f_19[4];
  mma_acc_f_19[0] = 0.0F;
  mma_acc_f_19[1] = 0.0F;
  mma_acc_f_19[2] = 0.0F;
  mma_acc_f_19[3] = 0.0F;
  float mma_acc_f_20[4];
  mma_acc_f_20[0] = 0.0F;
  mma_acc_f_20[1] = 0.0F;
  mma_acc_f_20[2] = 0.0F;
  mma_acc_f_20[3] = 0.0F;
  i_21  =  (threadIdx.x);
  i_22  =  i_21 >> 31;
  i_23  =  i_22 >> 27;
  i_24  =  i_23 + i_21;
  i_25  =  i_24 >> 5;
  i_26  =  i_25 % 2;
  i_27  =  i_26 << 3;
  i_28  =  i_27 + 7;
  i_29  =  i_28 << 8;
  i_30  =  i_27 + 6;
  i_31  =  i_30 << 8;
  i_32  =  i_27 + 5;
  i_33  =  i_32 << 8;
  i_34  =  i_27 + 4;
  i_35  =  i_34 << 8;
  i_36  =  i_27 + 3;
  i_37  =  i_36 << 8;
  i_38  =  i_27 + 2;
  i_39  =  i_38 << 8;
  i_40  =  i_27 + 1;
  i_41  =  i_40 << 8;
  i_42  =  i_26 << 11;
  i_43  =  i_24 >> 31;
  i_44  =  i_43 + i_25;
  i_45  =  i_44 >> 1;
  i_46  =  i_45 << 10;
  i_47  =  i_46 + 512;
  i_48  =  (blockIdx.y);
  i_49  =  i_48 << 7;
  i_50  =  (blockIdx.x);
  i_51  =  i_50 << 7;
  // BLOCK 1 MERGES [0 8 ]
  ul_52[0]  =  mma_acc_f_5[0];
  ul_52[1]  =  mma_acc_f_5[1];
  ul_52[2]  =  mma_acc_f_5[2];
  ul_52[3]  =  mma_acc_f_5[3];
  ul_53[0]  =  mma_acc_f_6[0];
  ul_53[1]  =  mma_acc_f_6[1];
  ul_53[2]  =  mma_acc_f_6[2];
  ul_53[3]  =  mma_acc_f_6[3];
  ul_54[0]  =  mma_acc_f_7[0];
  ul_54[1]  =  mma_acc_f_7[1];
  ul_54[2]  =  mma_acc_f_7[2];
  ul_54[3]  =  mma_acc_f_7[3];
  ul_55[0]  =  mma_acc_f_8[0];
  ul_55[1]  =  mma_acc_f_8[1];
  ul_55[2]  =  mma_acc_f_8[2];
  ul_55[3]  =  mma_acc_f_8[3];
  ul_56[0]  =  mma_acc_f_9[0];
  ul_56[1]  =  mma_acc_f_9[1];
  ul_56[2]  =  mma_acc_f_9[2];
  ul_56[3]  =  mma_acc_f_9[3];
  ul_57[0]  =  mma_acc_f_10[0];
  ul_57[1]  =  mma_acc_f_10[1];
  ul_57[2]  =  mma_acc_f_10[2];
  ul_57[3]  =  mma_acc_f_10[3];
  ul_58[0]  =  mma_acc_f_11[0];
  ul_58[1]  =  mma_acc_f_11[1];
  ul_58[2]  =  mma_acc_f_11[2];
  ul_58[3]  =  mma_acc_f_11[3];
  ul_59[0]  =  mma_acc_f_12[0];
  ul_59[1]  =  mma_acc_f_12[1];
  ul_59[2]  =  mma_acc_f_12[2];
  ul_59[3]  =  mma_acc_f_12[3];
  ul_60[0]  =  mma_acc_f_13[0];
  ul_60[1]  =  mma_acc_f_13[1];
  ul_60[2]  =  mma_acc_f_13[2];
  ul_60[3]  =  mma_acc_f_13[3];
  ul_61[0]  =  mma_acc_f_14[0];
  ul_61[1]  =  mma_acc_f_14[1];
  ul_61[2]  =  mma_acc_f_14[2];
  ul_61[3]  =  mma_acc_f_14[3];
  ul_62[0]  =  mma_acc_f_15[0];
  ul_62[1]  =  mma_acc_f_15[1];
  ul_62[2]  =  mma_acc_f_15[2];
  ul_62[3]  =  mma_acc_f_15[3];
  ul_63[0]  =  mma_acc_f_16[0];
  ul_63[1]  =  mma_acc_f_16[1];
  ul_63[2]  =  mma_acc_f_16[2];
  ul_63[3]  =  mma_acc_f_16[3];
  ul_64[0]  =  mma_acc_f_17[0];
  ul_64[1]  =  mma_acc_f_17[1];
  ul_64[2]  =  mma_acc_f_17[2];
  ul_64[3]  =  mma_acc_f_17[3];
  ul_65[0]  =  mma_acc_f_18[0];
  ul_65[1]  =  mma_acc_f_18[1];
  ul_65[2]  =  mma_acc_f_18[2];
  ul_65[3]  =  mma_acc_f_18[3];
  ul_66[0]  =  mma_acc_f_19[0];
  ul_66[1]  =  mma_acc_f_19[1];
  ul_66[2]  =  mma_acc_f_19[2];
  ul_66[3]  =  mma_acc_f_19[3];
  ul_67[0]  =  mma_acc_f_20[0];
  ul_67[1]  =  mma_acc_f_20[1];
  ul_67[2]  =  mma_acc_f_20[2];
  ul_67[3]  =  mma_acc_f_20[3];
  i_68  =  0;
  for(;i_68 < 32;)
  {
    // BLOCK 2
    i_69  =  i_68 << 4;
    i_70  =  i_69 + 1;
    // BLOCK 3 MERGES [2 4 ]
    i_71  =  i_21;
    for(;i_71 < 1024;)
    {
      // BLOCK 4
      i_72  =  i_71 % 8;
      i_73  =  i_72 << 1;
      i_74  =  i_71 >> 31;
      i_75  =  i_74 >> 29;
      i_76  =  i_75 + i_71;
      i_77  =  i_76 >> 3;
      i_78  =  i_77 + i_51;
      i_79  =  i_78 << 9;
      i_80  =  i_73 + i_79;
      i_81  =  i_80 + i_69;
      l_82  =  (long long) i_81;
      l_83  =  l_82 + 8L;
      l_84  =  l_83 << 1;
      ul_85  =  ul_0 + l_84;
      half_86  =  *(( __half *) ul_85);
      i_87  =  i_70 + i_80;
      l_88  =  (long long) i_87;
      l_89  =  l_88 + 8L;
      l_90  =  l_89 << 1;
      ul_91  =  ul_0 + l_90;
      half_92  =  *(( __half *) ul_91);
      i_93  =  i_76 & -8;
      i_94  =  i_93 + i_72;
      ui_95 = (unsigned) __half_as_ushort(half_86);
      ui_96  =  ui_95 & 65535;
      ui_97 = (unsigned) __half_as_ushort(half_92);
      ui_98  =  ui_97 & 65535;
      ui_99  =  ui_98 << 16;
      ui_100  =  ui_96 | ui_99;
      adi_3[i_94]  =  ui_100;
      i_101  =  i_71 + 256;
      i_71  =  i_101;
    }  // B3
    // BLOCK 5
    // BLOCK 6 MERGES [5 7 ]
    i_102  =  i_21;
    for(;i_102 < 2048;)
    {
      // BLOCK 7
      i_103  =  i_102 >> 31;
      i_104  =  i_103 >> 25;
      i_105  =  i_104 + i_102;
      i_106  =  i_105 >> 7;
      i_107  =  i_106 << 3;
      i_108  =  i_102 % 128;
      i_109  =  i_108 % 8;
      i_110  =  i_107 + i_109;
      i_111  =  i_108 >> 31;
      i_112  =  i_111 >> 29;
      i_113  =  i_112 + i_108;
      i_114  =  i_113 >> 3;
      i_115  =  i_114 + i_69;
      i_116  =  i_115 << 9;
      i_117  =  i_110 + i_116;
      i_118  =  i_49 + i_117;
      l_119  =  (long long) i_118;
      l_120  =  l_119 + 8L;
      l_121  =  l_120 << 1;
      ul_122  =  ul_1 + l_121;
      half_123  =  *(( __half *) ul_122);
      i_124  =  i_106 << 8;
      {
        unsigned __lin = i_114 * 8 + i_109;
        unsigned __bo = __lin << 1;
        __bo ^= (((__bo >> 7) & 7u) << 4);
        __bo += i_124;
        ((half *) half_4)[__bo >> 1] = half_123;
      }
      i_125  =  i_102 + 256;
      i_102  =  i_125;
    }  // B6
    // BLOCK 8
    __syncthreads();
    unsigned mma_a_h_126[4];
    {
      unsigned __lane = threadIdx.x & 31u;
      unsigned __rit  = __lane & 7u;
      unsigned __grp  = __lane >> 3;
      unsigned __bo;
      unsigned __row = ((__grp & 1u) << 3) + __rit;
      unsigned __col = (__grp >> 1) << 4;
      __bo = (__row << 5) + __col;
      __bo += i_46;
      unsigned __smem;
      asm volatile("{ .reg .u64 u; cvta.to.shared.u64 u, %1; cvt.u32.u64 %0, u; }" : "=r"(__smem) : "l"((const char *) adi_3 + __bo));
      asm volatile("ldmatrix.sync.aligned.m8n8.x4.shared.b16 {%0,%1,%2,%3}, [%4];" : "=r"(mma_a_h_126[0]), "=r"(mma_a_h_126[1]), "=r"(mma_a_h_126[2]), "=r"(mma_a_h_126[3]) : "r"(__smem));
    }
    unsigned mma_a_h_127[4];
    {
      unsigned __lane = threadIdx.x & 31u;
      unsigned __rit  = __lane & 7u;
      unsigned __grp  = __lane >> 3;
      unsigned __bo;
      unsigned __row = ((__grp & 1u) << 3) + __rit;
      unsigned __col = (__grp >> 1) << 4;
      __bo = (__row << 5) + __col;
      __bo += i_47;
      unsigned __smem;
      asm volatile("{ .reg .u64 u; cvta.to.shared.u64 u, %1; cvt.u32.u64 %0, u; }" : "=r"(__smem) : "l"((const char *) adi_3 + __bo));
      asm volatile("ldmatrix.sync.aligned.m8n8.x4.shared.b16 {%0,%1,%2,%3}, [%4];" : "=r"(mma_a_h_127[0]), "=r"(mma_a_h_127[1]), "=r"(mma_a_h_127[2]), "=r"(mma_a_h_127[3]) : "r"(__smem));
    }
    unsigned mma_b_h_128[2];
    {
      unsigned __lane = threadIdx.x & 31u;
      unsigned __rit  = __lane & 7u;
      unsigned __grp  = __lane >> 3;
      unsigned __bo;
      unsigned __col = (__grp & 1u) << 7;
      __bo = (__rit << 4) + __col;
      __bo ^= (((__bo >> 7) & 7u) << 4);
      __bo += i_42;
      unsigned __smem;
      asm volatile("{ .reg .u64 u; cvta.to.shared.u64 u, %1; cvt.u32.u64 %0, u; }" : "=r"(__smem) : "l"((const char *) half_4 + __bo));
      asm volatile("ldmatrix.sync.aligned.m8n8.x2.trans.shared.b16 {%0,%1}, [%2];" : "=r"(mma_b_h_128[0]), "=r"(mma_b_h_128[1]) : "r"(__smem));
    }
    unsigned mma_b_h_129[2];
    {
      unsigned __lane = threadIdx.x & 31u;
      unsigned __rit  = __lane & 7u;
      unsigned __grp  = __lane >> 3;
      unsigned __bo;
      unsigned __col = (__grp & 1u) << 7;
      __bo = (__rit << 4) + __col;
      __bo ^= (((__bo >> 7) & 7u) << 4);
      __bo += i_41;
      unsigned __smem;
      asm volatile("{ .reg .u64 u; cvta.to.shared.u64 u, %1; cvt.u32.u64 %0, u; }" : "=r"(__smem) : "l"((const char *) half_4 + __bo));
      asm volatile("ldmatrix.sync.aligned.m8n8.x2.trans.shared.b16 {%0,%1}, [%2];" : "=r"(mma_b_h_129[0]), "=r"(mma_b_h_129[1]) : "r"(__smem));
    }
    unsigned mma_b_h_130[2];
    {
      unsigned __lane = threadIdx.x & 31u;
      unsigned __rit  = __lane & 7u;
      unsigned __grp  = __lane >> 3;
      unsigned __bo;
      unsigned __col = (__grp & 1u) << 7;
      __bo = (__rit << 4) + __col;
      __bo ^= (((__bo >> 7) & 7u) << 4);
      __bo += i_39;
      unsigned __smem;
      asm volatile("{ .reg .u64 u; cvta.to.shared.u64 u, %1; cvt.u32.u64 %0, u; }" : "=r"(__smem) : "l"((const char *) half_4 + __bo));
      asm volatile("ldmatrix.sync.aligned.m8n8.x2.trans.shared.b16 {%0,%1}, [%2];" : "=r"(mma_b_h_130[0]), "=r"(mma_b_h_130[1]) : "r"(__smem));
    }
    unsigned mma_b_h_131[2];
    {
      unsigned __lane = threadIdx.x & 31u;
      unsigned __rit  = __lane & 7u;
      unsigned __grp  = __lane >> 3;
      unsigned __bo;
      unsigned __col = (__grp & 1u) << 7;
      __bo = (__rit << 4) + __col;
      __bo ^= (((__bo >> 7) & 7u) << 4);
      __bo += i_37;
      unsigned __smem;
      asm volatile("{ .reg .u64 u; cvta.to.shared.u64 u, %1; cvt.u32.u64 %0, u; }" : "=r"(__smem) : "l"((const char *) half_4 + __bo));
      asm volatile("ldmatrix.sync.aligned.m8n8.x2.trans.shared.b16 {%0,%1}, [%2];" : "=r"(mma_b_h_131[0]), "=r"(mma_b_h_131[1]) : "r"(__smem));
    }
    unsigned mma_b_h_132[2];
    {
      unsigned __lane = threadIdx.x & 31u;
      unsigned __rit  = __lane & 7u;
      unsigned __grp  = __lane >> 3;
      unsigned __bo;
      unsigned __col = (__grp & 1u) << 7;
      __bo = (__rit << 4) + __col;
      __bo ^= (((__bo >> 7) & 7u) << 4);
      __bo += i_35;
      unsigned __smem;
      asm volatile("{ .reg .u64 u; cvta.to.shared.u64 u, %1; cvt.u32.u64 %0, u; }" : "=r"(__smem) : "l"((const char *) half_4 + __bo));
      asm volatile("ldmatrix.sync.aligned.m8n8.x2.trans.shared.b16 {%0,%1}, [%2];" : "=r"(mma_b_h_132[0]), "=r"(mma_b_h_132[1]) : "r"(__smem));
    }
    unsigned mma_b_h_133[2];
    {
      unsigned __lane = threadIdx.x & 31u;
      unsigned __rit  = __lane & 7u;
      unsigned __grp  = __lane >> 3;
      unsigned __bo;
      unsigned __col = (__grp & 1u) << 7;
      __bo = (__rit << 4) + __col;
      __bo ^= (((__bo >> 7) & 7u) << 4);
      __bo += i_33;
      unsigned __smem;
      asm volatile("{ .reg .u64 u; cvta.to.shared.u64 u, %1; cvt.u32.u64 %0, u; }" : "=r"(__smem) : "l"((const char *) half_4 + __bo));
      asm volatile("ldmatrix.sync.aligned.m8n8.x2.trans.shared.b16 {%0,%1}, [%2];" : "=r"(mma_b_h_133[0]), "=r"(mma_b_h_133[1]) : "r"(__smem));
    }
    unsigned mma_b_h_134[2];
    {
      unsigned __lane = threadIdx.x & 31u;
      unsigned __rit  = __lane & 7u;
      unsigned __grp  = __lane >> 3;
      unsigned __bo;
      unsigned __col = (__grp & 1u) << 7;
      __bo = (__rit << 4) + __col;
      __bo ^= (((__bo >> 7) & 7u) << 4);
      __bo += i_31;
      unsigned __smem;
      asm volatile("{ .reg .u64 u; cvta.to.shared.u64 u, %1; cvt.u32.u64 %0, u; }" : "=r"(__smem) : "l"((const char *) half_4 + __bo));
      asm volatile("ldmatrix.sync.aligned.m8n8.x2.trans.shared.b16 {%0,%1}, [%2];" : "=r"(mma_b_h_134[0]), "=r"(mma_b_h_134[1]) : "r"(__smem));
    }
    unsigned mma_b_h_135[2];
    {
      unsigned __lane = threadIdx.x & 31u;
      unsigned __rit  = __lane & 7u;
      unsigned __grp  = __lane >> 3;
      unsigned __bo;
      unsigned __col = (__grp & 1u) << 7;
      __bo = (__rit << 4) + __col;
      __bo ^= (((__bo >> 7) & 7u) << 4);
      __bo += i_29;
      unsigned __smem;
      asm volatile("{ .reg .u64 u; cvta.to.shared.u64 u, %1; cvt.u32.u64 %0, u; }" : "=r"(__smem) : "l"((const char *) half_4 + __bo));
      asm volatile("ldmatrix.sync.aligned.m8n8.x2.trans.shared.b16 {%0,%1}, [%2];" : "=r"(mma_b_h_135[0]), "=r"(mma_b_h_135[1]) : "r"(__smem));
    }
    float mma_acc_f_136[4];
    asm volatile("mma.sync.aligned.m16n8k16.row.col.f32.f16.f16.f32 {%0,%1,%2,%3}, {%4,%5,%6,%7}, {%8,%9}, {%10,%11,%12,%13};" : "=f"(mma_acc_f_136[0]), "=f"(mma_acc_f_136[1]), "=f"(mma_acc_f_136[2]), "=f"(mma_acc_f_136[3]) : "r"(mma_a_h_126[0]), "r"(mma_a_h_126[1]), "r"(mma_a_h_126[2]), "r"(mma_a_h_126[3]), "r"(mma_b_h_128[0]), "r"(mma_b_h_128[1]), "f"(ul_52[0]), "f"(ul_52[1]), "f"(ul_52[2]), "f"(ul_52[3]));
    float mma_acc_f_137[4];
    asm volatile("mma.sync.aligned.m16n8k16.row.col.f32.f16.f16.f32 {%0,%1,%2,%3}, {%4,%5,%6,%7}, {%8,%9}, {%10,%11,%12,%13};" : "=f"(mma_acc_f_137[0]), "=f"(mma_acc_f_137[1]), "=f"(mma_acc_f_137[2]), "=f"(mma_acc_f_137[3]) : "r"(mma_a_h_126[0]), "r"(mma_a_h_126[1]), "r"(mma_a_h_126[2]), "r"(mma_a_h_126[3]), "r"(mma_b_h_129[0]), "r"(mma_b_h_129[1]), "f"(ul_53[0]), "f"(ul_53[1]), "f"(ul_53[2]), "f"(ul_53[3]));
    float mma_acc_f_138[4];
    asm volatile("mma.sync.aligned.m16n8k16.row.col.f32.f16.f16.f32 {%0,%1,%2,%3}, {%4,%5,%6,%7}, {%8,%9}, {%10,%11,%12,%13};" : "=f"(mma_acc_f_138[0]), "=f"(mma_acc_f_138[1]), "=f"(mma_acc_f_138[2]), "=f"(mma_acc_f_138[3]) : "r"(mma_a_h_126[0]), "r"(mma_a_h_126[1]), "r"(mma_a_h_126[2]), "r"(mma_a_h_126[3]), "r"(mma_b_h_130[0]), "r"(mma_b_h_130[1]), "f"(ul_54[0]), "f"(ul_54[1]), "f"(ul_54[2]), "f"(ul_54[3]));
    float mma_acc_f_139[4];
    asm volatile("mma.sync.aligned.m16n8k16.row.col.f32.f16.f16.f32 {%0,%1,%2,%3}, {%4,%5,%6,%7}, {%8,%9}, {%10,%11,%12,%13};" : "=f"(mma_acc_f_139[0]), "=f"(mma_acc_f_139[1]), "=f"(mma_acc_f_139[2]), "=f"(mma_acc_f_139[3]) : "r"(mma_a_h_126[0]), "r"(mma_a_h_126[1]), "r"(mma_a_h_126[2]), "r"(mma_a_h_126[3]), "r"(mma_b_h_131[0]), "r"(mma_b_h_131[1]), "f"(ul_55[0]), "f"(ul_55[1]), "f"(ul_55[2]), "f"(ul_55[3]));
    float mma_acc_f_140[4];
    asm volatile("mma.sync.aligned.m16n8k16.row.col.f32.f16.f16.f32 {%0,%1,%2,%3}, {%4,%5,%6,%7}, {%8,%9}, {%10,%11,%12,%13};" : "=f"(mma_acc_f_140[0]), "=f"(mma_acc_f_140[1]), "=f"(mma_acc_f_140[2]), "=f"(mma_acc_f_140[3]) : "r"(mma_a_h_126[0]), "r"(mma_a_h_126[1]), "r"(mma_a_h_126[2]), "r"(mma_a_h_126[3]), "r"(mma_b_h_132[0]), "r"(mma_b_h_132[1]), "f"(ul_56[0]), "f"(ul_56[1]), "f"(ul_56[2]), "f"(ul_56[3]));
    float mma_acc_f_141[4];
    asm volatile("mma.sync.aligned.m16n8k16.row.col.f32.f16.f16.f32 {%0,%1,%2,%3}, {%4,%5,%6,%7}, {%8,%9}, {%10,%11,%12,%13};" : "=f"(mma_acc_f_141[0]), "=f"(mma_acc_f_141[1]), "=f"(mma_acc_f_141[2]), "=f"(mma_acc_f_141[3]) : "r"(mma_a_h_126[0]), "r"(mma_a_h_126[1]), "r"(mma_a_h_126[2]), "r"(mma_a_h_126[3]), "r"(mma_b_h_133[0]), "r"(mma_b_h_133[1]), "f"(ul_57[0]), "f"(ul_57[1]), "f"(ul_57[2]), "f"(ul_57[3]));
    float mma_acc_f_142[4];
    asm volatile("mma.sync.aligned.m16n8k16.row.col.f32.f16.f16.f32 {%0,%1,%2,%3}, {%4,%5,%6,%7}, {%8,%9}, {%10,%11,%12,%13};" : "=f"(mma_acc_f_142[0]), "=f"(mma_acc_f_142[1]), "=f"(mma_acc_f_142[2]), "=f"(mma_acc_f_142[3]) : "r"(mma_a_h_126[0]), "r"(mma_a_h_126[1]), "r"(mma_a_h_126[2]), "r"(mma_a_h_126[3]), "r"(mma_b_h_134[0]), "r"(mma_b_h_134[1]), "f"(ul_58[0]), "f"(ul_58[1]), "f"(ul_58[2]), "f"(ul_58[3]));
    float mma_acc_f_143[4];
    asm volatile("mma.sync.aligned.m16n8k16.row.col.f32.f16.f16.f32 {%0,%1,%2,%3}, {%4,%5,%6,%7}, {%8,%9}, {%10,%11,%12,%13};" : "=f"(mma_acc_f_143[0]), "=f"(mma_acc_f_143[1]), "=f"(mma_acc_f_143[2]), "=f"(mma_acc_f_143[3]) : "r"(mma_a_h_126[0]), "r"(mma_a_h_126[1]), "r"(mma_a_h_126[2]), "r"(mma_a_h_126[3]), "r"(mma_b_h_135[0]), "r"(mma_b_h_135[1]), "f"(ul_59[0]), "f"(ul_59[1]), "f"(ul_59[2]), "f"(ul_59[3]));
    float mma_acc_f_144[4];
    asm volatile("mma.sync.aligned.m16n8k16.row.col.f32.f16.f16.f32 {%0,%1,%2,%3}, {%4,%5,%6,%7}, {%8,%9}, {%10,%11,%12,%13};" : "=f"(mma_acc_f_144[0]), "=f"(mma_acc_f_144[1]), "=f"(mma_acc_f_144[2]), "=f"(mma_acc_f_144[3]) : "r"(mma_a_h_127[0]), "r"(mma_a_h_127[1]), "r"(mma_a_h_127[2]), "r"(mma_a_h_127[3]), "r"(mma_b_h_128[0]), "r"(mma_b_h_128[1]), "f"(ul_60[0]), "f"(ul_60[1]), "f"(ul_60[2]), "f"(ul_60[3]));
    float mma_acc_f_145[4];
    asm volatile("mma.sync.aligned.m16n8k16.row.col.f32.f16.f16.f32 {%0,%1,%2,%3}, {%4,%5,%6,%7}, {%8,%9}, {%10,%11,%12,%13};" : "=f"(mma_acc_f_145[0]), "=f"(mma_acc_f_145[1]), "=f"(mma_acc_f_145[2]), "=f"(mma_acc_f_145[3]) : "r"(mma_a_h_127[0]), "r"(mma_a_h_127[1]), "r"(mma_a_h_127[2]), "r"(mma_a_h_127[3]), "r"(mma_b_h_129[0]), "r"(mma_b_h_129[1]), "f"(ul_61[0]), "f"(ul_61[1]), "f"(ul_61[2]), "f"(ul_61[3]));
    float mma_acc_f_146[4];
    asm volatile("mma.sync.aligned.m16n8k16.row.col.f32.f16.f16.f32 {%0,%1,%2,%3}, {%4,%5,%6,%7}, {%8,%9}, {%10,%11,%12,%13};" : "=f"(mma_acc_f_146[0]), "=f"(mma_acc_f_146[1]), "=f"(mma_acc_f_146[2]), "=f"(mma_acc_f_146[3]) : "r"(mma_a_h_127[0]), "r"(mma_a_h_127[1]), "r"(mma_a_h_127[2]), "r"(mma_a_h_127[3]), "r"(mma_b_h_130[0]), "r"(mma_b_h_130[1]), "f"(ul_62[0]), "f"(ul_62[1]), "f"(ul_62[2]), "f"(ul_62[3]));
    float mma_acc_f_147[4];
    asm volatile("mma.sync.aligned.m16n8k16.row.col.f32.f16.f16.f32 {%0,%1,%2,%3}, {%4,%5,%6,%7}, {%8,%9}, {%10,%11,%12,%13};" : "=f"(mma_acc_f_147[0]), "=f"(mma_acc_f_147[1]), "=f"(mma_acc_f_147[2]), "=f"(mma_acc_f_147[3]) : "r"(mma_a_h_127[0]), "r"(mma_a_h_127[1]), "r"(mma_a_h_127[2]), "r"(mma_a_h_127[3]), "r"(mma_b_h_131[0]), "r"(mma_b_h_131[1]), "f"(ul_63[0]), "f"(ul_63[1]), "f"(ul_63[2]), "f"(ul_63[3]));
    float mma_acc_f_148[4];
    asm volatile("mma.sync.aligned.m16n8k16.row.col.f32.f16.f16.f32 {%0,%1,%2,%3}, {%4,%5,%6,%7}, {%8,%9}, {%10,%11,%12,%13};" : "=f"(mma_acc_f_148[0]), "=f"(mma_acc_f_148[1]), "=f"(mma_acc_f_148[2]), "=f"(mma_acc_f_148[3]) : "r"(mma_a_h_127[0]), "r"(mma_a_h_127[1]), "r"(mma_a_h_127[2]), "r"(mma_a_h_127[3]), "r"(mma_b_h_132[0]), "r"(mma_b_h_132[1]), "f"(ul_64[0]), "f"(ul_64[1]), "f"(ul_64[2]), "f"(ul_64[3]));
    float mma_acc_f_149[4];
    asm volatile("mma.sync.aligned.m16n8k16.row.col.f32.f16.f16.f32 {%0,%1,%2,%3}, {%4,%5,%6,%7}, {%8,%9}, {%10,%11,%12,%13};" : "=f"(mma_acc_f_149[0]), "=f"(mma_acc_f_149[1]), "=f"(mma_acc_f_149[2]), "=f"(mma_acc_f_149[3]) : "r"(mma_a_h_127[0]), "r"(mma_a_h_127[1]), "r"(mma_a_h_127[2]), "r"(mma_a_h_127[3]), "r"(mma_b_h_133[0]), "r"(mma_b_h_133[1]), "f"(ul_65[0]), "f"(ul_65[1]), "f"(ul_65[2]), "f"(ul_65[3]));
    float mma_acc_f_150[4];
    asm volatile("mma.sync.aligned.m16n8k16.row.col.f32.f16.f16.f32 {%0,%1,%2,%3}, {%4,%5,%6,%7}, {%8,%9}, {%10,%11,%12,%13};" : "=f"(mma_acc_f_150[0]), "=f"(mma_acc_f_150[1]), "=f"(mma_acc_f_150[2]), "=f"(mma_acc_f_150[3]) : "r"(mma_a_h_127[0]), "r"(mma_a_h_127[1]), "r"(mma_a_h_127[2]), "r"(mma_a_h_127[3]), "r"(mma_b_h_134[0]), "r"(mma_b_h_134[1]), "f"(ul_66[0]), "f"(ul_66[1]), "f"(ul_66[2]), "f"(ul_66[3]));
    float mma_acc_f_151[4];
    asm volatile("mma.sync.aligned.m16n8k16.row.col.f32.f16.f16.f32 {%0,%1,%2,%3}, {%4,%5,%6,%7}, {%8,%9}, {%10,%11,%12,%13};" : "=f"(mma_acc_f_151[0]), "=f"(mma_acc_f_151[1]), "=f"(mma_acc_f_151[2]), "=f"(mma_acc_f_151[3]) : "r"(mma_a_h_127[0]), "r"(mma_a_h_127[1]), "r"(mma_a_h_127[2]), "r"(mma_a_h_127[3]), "r"(mma_b_h_135[0]), "r"(mma_b_h_135[1]), "f"(ul_67[0]), "f"(ul_67[1]), "f"(ul_67[2]), "f"(ul_67[3]));
    __syncthreads();
    i_152  =  i_68 + 1;
    ul_52[0]  =  mma_acc_f_136[0];
    ul_52[1]  =  mma_acc_f_136[1];
    ul_52[2]  =  mma_acc_f_136[2];
    ul_52[3]  =  mma_acc_f_136[3];
    ul_53[0]  =  mma_acc_f_137[0];
    ul_53[1]  =  mma_acc_f_137[1];
    ul_53[2]  =  mma_acc_f_137[2];
    ul_53[3]  =  mma_acc_f_137[3];
    ul_54[0]  =  mma_acc_f_138[0];
    ul_54[1]  =  mma_acc_f_138[1];
    ul_54[2]  =  mma_acc_f_138[2];
    ul_54[3]  =  mma_acc_f_138[3];
    ul_55[0]  =  mma_acc_f_139[0];
    ul_55[1]  =  mma_acc_f_139[1];
    ul_55[2]  =  mma_acc_f_139[2];
    ul_55[3]  =  mma_acc_f_139[3];
    ul_56[0]  =  mma_acc_f_140[0];
    ul_56[1]  =  mma_acc_f_140[1];
    ul_56[2]  =  mma_acc_f_140[2];
    ul_56[3]  =  mma_acc_f_140[3];
    ul_57[0]  =  mma_acc_f_141[0];
    ul_57[1]  =  mma_acc_f_141[1];
    ul_57[2]  =  mma_acc_f_141[2];
    ul_57[3]  =  mma_acc_f_141[3];
    ul_58[0]  =  mma_acc_f_142[0];
    ul_58[1]  =  mma_acc_f_142[1];
    ul_58[2]  =  mma_acc_f_142[2];
    ul_58[3]  =  mma_acc_f_142[3];
    ul_59[0]  =  mma_acc_f_143[0];
    ul_59[1]  =  mma_acc_f_143[1];
    ul_59[2]  =  mma_acc_f_143[2];
    ul_59[3]  =  mma_acc_f_143[3];
    ul_60[0]  =  mma_acc_f_144[0];
    ul_60[1]  =  mma_acc_f_144[1];
    ul_60[2]  =  mma_acc_f_144[2];
    ul_60[3]  =  mma_acc_f_144[3];
    ul_61[0]  =  mma_acc_f_145[0];
    ul_61[1]  =  mma_acc_f_145[1];
    ul_61[2]  =  mma_acc_f_145[2];
    ul_61[3]  =  mma_acc_f_145[3];
    ul_62[0]  =  mma_acc_f_146[0];
    ul_62[1]  =  mma_acc_f_146[1];
    ul_62[2]  =  mma_acc_f_146[2];
    ul_62[3]  =  mma_acc_f_146[3];
    ul_63[0]  =  mma_acc_f_147[0];
    ul_63[1]  =  mma_acc_f_147[1];
    ul_63[2]  =  mma_acc_f_147[2];
    ul_63[3]  =  mma_acc_f_147[3];
    ul_64[0]  =  mma_acc_f_148[0];
    ul_64[1]  =  mma_acc_f_148[1];
    ul_64[2]  =  mma_acc_f_148[2];
    ul_64[3]  =  mma_acc_f_148[3];
    ul_65[0]  =  mma_acc_f_149[0];
    ul_65[1]  =  mma_acc_f_149[1];
    ul_65[2]  =  mma_acc_f_149[2];
    ul_65[3]  =  mma_acc_f_149[3];
    ul_66[0]  =  mma_acc_f_150[0];
    ul_66[1]  =  mma_acc_f_150[1];
    ul_66[2]  =  mma_acc_f_150[2];
    ul_66[3]  =  mma_acc_f_150[3];
    ul_67[0]  =  mma_acc_f_151[0];
    ul_67[1]  =  mma_acc_f_151[1];
    ul_67[2]  =  mma_acc_f_151[2];
    ul_67[3]  =  mma_acc_f_151[3];
    i_68  =  i_152;
  }  // B1
  // BLOCK 9
  i_153  =  i_45 << 5;
  i_154  =  i_153 + i_51;
  i_155  =  i_26 << 6;
  i_156  =  i_155 + i_49;
  {
    unsigned __lane = threadIdx.x & 31u;
    unsigned __rit0 = (__lane >> 2);
    unsigned __cit0 = ((__lane & 3u) << 1);
    unsigned __idx0 = (i_154 + __rit0) * 512 + (i_156 + __cit0);
    ((float *) ((char *) ul_2 + 16u))[__idx0] = ul_52[0];
    unsigned __rit1 = (__lane >> 2);
    unsigned __cit1 = ((__lane & 3u) << 1) + 1u;
    unsigned __idx1 = (i_154 + __rit1) * 512 + (i_156 + __cit1);
    ((float *) ((char *) ul_2 + 16u))[__idx1] = ul_52[1];
    unsigned __rit2 = (__lane >> 2) + 8u;
    unsigned __cit2 = ((__lane & 3u) << 1);
    unsigned __idx2 = (i_154 + __rit2) * 512 + (i_156 + __cit2);
    ((float *) ((char *) ul_2 + 16u))[__idx2] = ul_52[2];
    unsigned __rit3 = (__lane >> 2) + 8u;
    unsigned __cit3 = ((__lane & 3u) << 1) + 1u;
    unsigned __idx3 = (i_154 + __rit3) * 512 + (i_156 + __cit3);
    ((float *) ((char *) ul_2 + 16u))[__idx3] = ul_52[3];
  }
  i_157  =  i_156 + 8;
  {
    unsigned __lane = threadIdx.x & 31u;
    unsigned __rit0 = (__lane >> 2);
    unsigned __cit0 = ((__lane & 3u) << 1);
    unsigned __idx0 = (i_154 + __rit0) * 512 + (i_157 + __cit0);
    ((float *) ((char *) ul_2 + 16u))[__idx0] = ul_53[0];
    unsigned __rit1 = (__lane >> 2);
    unsigned __cit1 = ((__lane & 3u) << 1) + 1u;
    unsigned __idx1 = (i_154 + __rit1) * 512 + (i_157 + __cit1);
    ((float *) ((char *) ul_2 + 16u))[__idx1] = ul_53[1];
    unsigned __rit2 = (__lane >> 2) + 8u;
    unsigned __cit2 = ((__lane & 3u) << 1);
    unsigned __idx2 = (i_154 + __rit2) * 512 + (i_157 + __cit2);
    ((float *) ((char *) ul_2 + 16u))[__idx2] = ul_53[2];
    unsigned __rit3 = (__lane >> 2) + 8u;
    unsigned __cit3 = ((__lane & 3u) << 1) + 1u;
    unsigned __idx3 = (i_154 + __rit3) * 512 + (i_157 + __cit3);
    ((float *) ((char *) ul_2 + 16u))[__idx3] = ul_53[3];
  }
  i_158  =  i_156 + 16;
  {
    unsigned __lane = threadIdx.x & 31u;
    unsigned __rit0 = (__lane >> 2);
    unsigned __cit0 = ((__lane & 3u) << 1);
    unsigned __idx0 = (i_154 + __rit0) * 512 + (i_158 + __cit0);
    ((float *) ((char *) ul_2 + 16u))[__idx0] = ul_54[0];
    unsigned __rit1 = (__lane >> 2);
    unsigned __cit1 = ((__lane & 3u) << 1) + 1u;
    unsigned __idx1 = (i_154 + __rit1) * 512 + (i_158 + __cit1);
    ((float *) ((char *) ul_2 + 16u))[__idx1] = ul_54[1];
    unsigned __rit2 = (__lane >> 2) + 8u;
    unsigned __cit2 = ((__lane & 3u) << 1);
    unsigned __idx2 = (i_154 + __rit2) * 512 + (i_158 + __cit2);
    ((float *) ((char *) ul_2 + 16u))[__idx2] = ul_54[2];
    unsigned __rit3 = (__lane >> 2) + 8u;
    unsigned __cit3 = ((__lane & 3u) << 1) + 1u;
    unsigned __idx3 = (i_154 + __rit3) * 512 + (i_158 + __cit3);
    ((float *) ((char *) ul_2 + 16u))[__idx3] = ul_54[3];
  }
  i_159  =  i_156 + 24;
  {
    unsigned __lane = threadIdx.x & 31u;
    unsigned __rit0 = (__lane >> 2);
    unsigned __cit0 = ((__lane & 3u) << 1);
    unsigned __idx0 = (i_154 + __rit0) * 512 + (i_159 + __cit0);
    ((float *) ((char *) ul_2 + 16u))[__idx0] = ul_55[0];
    unsigned __rit1 = (__lane >> 2);
    unsigned __cit1 = ((__lane & 3u) << 1) + 1u;
    unsigned __idx1 = (i_154 + __rit1) * 512 + (i_159 + __cit1);
    ((float *) ((char *) ul_2 + 16u))[__idx1] = ul_55[1];
    unsigned __rit2 = (__lane >> 2) + 8u;
    unsigned __cit2 = ((__lane & 3u) << 1);
    unsigned __idx2 = (i_154 + __rit2) * 512 + (i_159 + __cit2);
    ((float *) ((char *) ul_2 + 16u))[__idx2] = ul_55[2];
    unsigned __rit3 = (__lane >> 2) + 8u;
    unsigned __cit3 = ((__lane & 3u) << 1) + 1u;
    unsigned __idx3 = (i_154 + __rit3) * 512 + (i_159 + __cit3);
    ((float *) ((char *) ul_2 + 16u))[__idx3] = ul_55[3];
  }
  i_160  =  i_156 + 32;
  {
    unsigned __lane = threadIdx.x & 31u;
    unsigned __rit0 = (__lane >> 2);
    unsigned __cit0 = ((__lane & 3u) << 1);
    unsigned __idx0 = (i_154 + __rit0) * 512 + (i_160 + __cit0);
    ((float *) ((char *) ul_2 + 16u))[__idx0] = ul_56[0];
    unsigned __rit1 = (__lane >> 2);
    unsigned __cit1 = ((__lane & 3u) << 1) + 1u;
    unsigned __idx1 = (i_154 + __rit1) * 512 + (i_160 + __cit1);
    ((float *) ((char *) ul_2 + 16u))[__idx1] = ul_56[1];
    unsigned __rit2 = (__lane >> 2) + 8u;
    unsigned __cit2 = ((__lane & 3u) << 1);
    unsigned __idx2 = (i_154 + __rit2) * 512 + (i_160 + __cit2);
    ((float *) ((char *) ul_2 + 16u))[__idx2] = ul_56[2];
    unsigned __rit3 = (__lane >> 2) + 8u;
    unsigned __cit3 = ((__lane & 3u) << 1) + 1u;
    unsigned __idx3 = (i_154 + __rit3) * 512 + (i_160 + __cit3);
    ((float *) ((char *) ul_2 + 16u))[__idx3] = ul_56[3];
  }
  i_161  =  i_156 + 40;
  {
    unsigned __lane = threadIdx.x & 31u;
    unsigned __rit0 = (__lane >> 2);
    unsigned __cit0 = ((__lane & 3u) << 1);
    unsigned __idx0 = (i_154 + __rit0) * 512 + (i_161 + __cit0);
    ((float *) ((char *) ul_2 + 16u))[__idx0] = ul_57[0];
    unsigned __rit1 = (__lane >> 2);
    unsigned __cit1 = ((__lane & 3u) << 1) + 1u;
    unsigned __idx1 = (i_154 + __rit1) * 512 + (i_161 + __cit1);
    ((float *) ((char *) ul_2 + 16u))[__idx1] = ul_57[1];
    unsigned __rit2 = (__lane >> 2) + 8u;
    unsigned __cit2 = ((__lane & 3u) << 1);
    unsigned __idx2 = (i_154 + __rit2) * 512 + (i_161 + __cit2);
    ((float *) ((char *) ul_2 + 16u))[__idx2] = ul_57[2];
    unsigned __rit3 = (__lane >> 2) + 8u;
    unsigned __cit3 = ((__lane & 3u) << 1) + 1u;
    unsigned __idx3 = (i_154 + __rit3) * 512 + (i_161 + __cit3);
    ((float *) ((char *) ul_2 + 16u))[__idx3] = ul_57[3];
  }
  i_162  =  i_156 + 48;
  {
    unsigned __lane = threadIdx.x & 31u;
    unsigned __rit0 = (__lane >> 2);
    unsigned __cit0 = ((__lane & 3u) << 1);
    unsigned __idx0 = (i_154 + __rit0) * 512 + (i_162 + __cit0);
    ((float *) ((char *) ul_2 + 16u))[__idx0] = ul_58[0];
    unsigned __rit1 = (__lane >> 2);
    unsigned __cit1 = ((__lane & 3u) << 1) + 1u;
    unsigned __idx1 = (i_154 + __rit1) * 512 + (i_162 + __cit1);
    ((float *) ((char *) ul_2 + 16u))[__idx1] = ul_58[1];
    unsigned __rit2 = (__lane >> 2) + 8u;
    unsigned __cit2 = ((__lane & 3u) << 1);
    unsigned __idx2 = (i_154 + __rit2) * 512 + (i_162 + __cit2);
    ((float *) ((char *) ul_2 + 16u))[__idx2] = ul_58[2];
    unsigned __rit3 = (__lane >> 2) + 8u;
    unsigned __cit3 = ((__lane & 3u) << 1) + 1u;
    unsigned __idx3 = (i_154 + __rit3) * 512 + (i_162 + __cit3);
    ((float *) ((char *) ul_2 + 16u))[__idx3] = ul_58[3];
  }
  i_163  =  i_156 + 56;
  {
    unsigned __lane = threadIdx.x & 31u;
    unsigned __rit0 = (__lane >> 2);
    unsigned __cit0 = ((__lane & 3u) << 1);
    unsigned __idx0 = (i_154 + __rit0) * 512 + (i_163 + __cit0);
    ((float *) ((char *) ul_2 + 16u))[__idx0] = ul_59[0];
    unsigned __rit1 = (__lane >> 2);
    unsigned __cit1 = ((__lane & 3u) << 1) + 1u;
    unsigned __idx1 = (i_154 + __rit1) * 512 + (i_163 + __cit1);
    ((float *) ((char *) ul_2 + 16u))[__idx1] = ul_59[1];
    unsigned __rit2 = (__lane >> 2) + 8u;
    unsigned __cit2 = ((__lane & 3u) << 1);
    unsigned __idx2 = (i_154 + __rit2) * 512 + (i_163 + __cit2);
    ((float *) ((char *) ul_2 + 16u))[__idx2] = ul_59[2];
    unsigned __rit3 = (__lane >> 2) + 8u;
    unsigned __cit3 = ((__lane & 3u) << 1) + 1u;
    unsigned __idx3 = (i_154 + __rit3) * 512 + (i_163 + __cit3);
    ((float *) ((char *) ul_2 + 16u))[__idx3] = ul_59[3];
  }
  i_164  =  i_154 + 16;
  {
    unsigned __lane = threadIdx.x & 31u;
    unsigned __rit0 = (__lane >> 2);
    unsigned __cit0 = ((__lane & 3u) << 1);
    unsigned __idx0 = (i_164 + __rit0) * 512 + (i_156 + __cit0);
    ((float *) ((char *) ul_2 + 16u))[__idx0] = ul_60[0];
    unsigned __rit1 = (__lane >> 2);
    unsigned __cit1 = ((__lane & 3u) << 1) + 1u;
    unsigned __idx1 = (i_164 + __rit1) * 512 + (i_156 + __cit1);
    ((float *) ((char *) ul_2 + 16u))[__idx1] = ul_60[1];
    unsigned __rit2 = (__lane >> 2) + 8u;
    unsigned __cit2 = ((__lane & 3u) << 1);
    unsigned __idx2 = (i_164 + __rit2) * 512 + (i_156 + __cit2);
    ((float *) ((char *) ul_2 + 16u))[__idx2] = ul_60[2];
    unsigned __rit3 = (__lane >> 2) + 8u;
    unsigned __cit3 = ((__lane & 3u) << 1) + 1u;
    unsigned __idx3 = (i_164 + __rit3) * 512 + (i_156 + __cit3);
    ((float *) ((char *) ul_2 + 16u))[__idx3] = ul_60[3];
  }
  {
    unsigned __lane = threadIdx.x & 31u;
    unsigned __rit0 = (__lane >> 2);
    unsigned __cit0 = ((__lane & 3u) << 1);
    unsigned __idx0 = (i_164 + __rit0) * 512 + (i_157 + __cit0);
    ((float *) ((char *) ul_2 + 16u))[__idx0] = ul_61[0];
    unsigned __rit1 = (__lane >> 2);
    unsigned __cit1 = ((__lane & 3u) << 1) + 1u;
    unsigned __idx1 = (i_164 + __rit1) * 512 + (i_157 + __cit1);
    ((float *) ((char *) ul_2 + 16u))[__idx1] = ul_61[1];
    unsigned __rit2 = (__lane >> 2) + 8u;
    unsigned __cit2 = ((__lane & 3u) << 1);
    unsigned __idx2 = (i_164 + __rit2) * 512 + (i_157 + __cit2);
    ((float *) ((char *) ul_2 + 16u))[__idx2] = ul_61[2];
    unsigned __rit3 = (__lane >> 2) + 8u;
    unsigned __cit3 = ((__lane & 3u) << 1) + 1u;
    unsigned __idx3 = (i_164 + __rit3) * 512 + (i_157 + __cit3);
    ((float *) ((char *) ul_2 + 16u))[__idx3] = ul_61[3];
  }
  {
    unsigned __lane = threadIdx.x & 31u;
    unsigned __rit0 = (__lane >> 2);
    unsigned __cit0 = ((__lane & 3u) << 1);
    unsigned __idx0 = (i_164 + __rit0) * 512 + (i_158 + __cit0);
    ((float *) ((char *) ul_2 + 16u))[__idx0] = ul_62[0];
    unsigned __rit1 = (__lane >> 2);
    unsigned __cit1 = ((__lane & 3u) << 1) + 1u;
    unsigned __idx1 = (i_164 + __rit1) * 512 + (i_158 + __cit1);
    ((float *) ((char *) ul_2 + 16u))[__idx1] = ul_62[1];
    unsigned __rit2 = (__lane >> 2) + 8u;
    unsigned __cit2 = ((__lane & 3u) << 1);
    unsigned __idx2 = (i_164 + __rit2) * 512 + (i_158 + __cit2);
    ((float *) ((char *) ul_2 + 16u))[__idx2] = ul_62[2];
    unsigned __rit3 = (__lane >> 2) + 8u;
    unsigned __cit3 = ((__lane & 3u) << 1) + 1u;
    unsigned __idx3 = (i_164 + __rit3) * 512 + (i_158 + __cit3);
    ((float *) ((char *) ul_2 + 16u))[__idx3] = ul_62[3];
  }
  {
    unsigned __lane = threadIdx.x & 31u;
    unsigned __rit0 = (__lane >> 2);
    unsigned __cit0 = ((__lane & 3u) << 1);
    unsigned __idx0 = (i_164 + __rit0) * 512 + (i_159 + __cit0);
    ((float *) ((char *) ul_2 + 16u))[__idx0] = ul_63[0];
    unsigned __rit1 = (__lane >> 2);
    unsigned __cit1 = ((__lane & 3u) << 1) + 1u;
    unsigned __idx1 = (i_164 + __rit1) * 512 + (i_159 + __cit1);
    ((float *) ((char *) ul_2 + 16u))[__idx1] = ul_63[1];
    unsigned __rit2 = (__lane >> 2) + 8u;
    unsigned __cit2 = ((__lane & 3u) << 1);
    unsigned __idx2 = (i_164 + __rit2) * 512 + (i_159 + __cit2);
    ((float *) ((char *) ul_2 + 16u))[__idx2] = ul_63[2];
    unsigned __rit3 = (__lane >> 2) + 8u;
    unsigned __cit3 = ((__lane & 3u) << 1) + 1u;
    unsigned __idx3 = (i_164 + __rit3) * 512 + (i_159 + __cit3);
    ((float *) ((char *) ul_2 + 16u))[__idx3] = ul_63[3];
  }
  {
    unsigned __lane = threadIdx.x & 31u;
    unsigned __rit0 = (__lane >> 2);
    unsigned __cit0 = ((__lane & 3u) << 1);
    unsigned __idx0 = (i_164 + __rit0) * 512 + (i_160 + __cit0);
    ((float *) ((char *) ul_2 + 16u))[__idx0] = ul_64[0];
    unsigned __rit1 = (__lane >> 2);
    unsigned __cit1 = ((__lane & 3u) << 1) + 1u;
    unsigned __idx1 = (i_164 + __rit1) * 512 + (i_160 + __cit1);
    ((float *) ((char *) ul_2 + 16u))[__idx1] = ul_64[1];
    unsigned __rit2 = (__lane >> 2) + 8u;
    unsigned __cit2 = ((__lane & 3u) << 1);
    unsigned __idx2 = (i_164 + __rit2) * 512 + (i_160 + __cit2);
    ((float *) ((char *) ul_2 + 16u))[__idx2] = ul_64[2];
    unsigned __rit3 = (__lane >> 2) + 8u;
    unsigned __cit3 = ((__lane & 3u) << 1) + 1u;
    unsigned __idx3 = (i_164 + __rit3) * 512 + (i_160 + __cit3);
    ((float *) ((char *) ul_2 + 16u))[__idx3] = ul_64[3];
  }
  {
    unsigned __lane = threadIdx.x & 31u;
    unsigned __rit0 = (__lane >> 2);
    unsigned __cit0 = ((__lane & 3u) << 1);
    unsigned __idx0 = (i_164 + __rit0) * 512 + (i_161 + __cit0);
    ((float *) ((char *) ul_2 + 16u))[__idx0] = ul_65[0];
    unsigned __rit1 = (__lane >> 2);
    unsigned __cit1 = ((__lane & 3u) << 1) + 1u;
    unsigned __idx1 = (i_164 + __rit1) * 512 + (i_161 + __cit1);
    ((float *) ((char *) ul_2 + 16u))[__idx1] = ul_65[1];
    unsigned __rit2 = (__lane >> 2) + 8u;
    unsigned __cit2 = ((__lane & 3u) << 1);
    unsigned __idx2 = (i_164 + __rit2) * 512 + (i_161 + __cit2);
    ((float *) ((char *) ul_2 + 16u))[__idx2] = ul_65[2];
    unsigned __rit3 = (__lane >> 2) + 8u;
    unsigned __cit3 = ((__lane & 3u) << 1) + 1u;
    unsigned __idx3 = (i_164 + __rit3) * 512 + (i_161 + __cit3);
    ((float *) ((char *) ul_2 + 16u))[__idx3] = ul_65[3];
  }
  {
    unsigned __lane = threadIdx.x & 31u;
    unsigned __rit0 = (__lane >> 2);
    unsigned __cit0 = ((__lane & 3u) << 1);
    unsigned __idx0 = (i_164 + __rit0) * 512 + (i_162 + __cit0);
    ((float *) ((char *) ul_2 + 16u))[__idx0] = ul_66[0];
    unsigned __rit1 = (__lane >> 2);
    unsigned __cit1 = ((__lane & 3u) << 1) + 1u;
    unsigned __idx1 = (i_164 + __rit1) * 512 + (i_162 + __cit1);
    ((float *) ((char *) ul_2 + 16u))[__idx1] = ul_66[1];
    unsigned __rit2 = (__lane >> 2) + 8u;
    unsigned __cit2 = ((__lane & 3u) << 1);
    unsigned __idx2 = (i_164 + __rit2) * 512 + (i_162 + __cit2);
    ((float *) ((char *) ul_2 + 16u))[__idx2] = ul_66[2];
    unsigned __rit3 = (__lane >> 2) + 8u;
    unsigned __cit3 = ((__lane & 3u) << 1) + 1u;
    unsigned __idx3 = (i_164 + __rit3) * 512 + (i_162 + __cit3);
    ((float *) ((char *) ul_2 + 16u))[__idx3] = ul_66[3];
  }
  {
    unsigned __lane = threadIdx.x & 31u;
    unsigned __rit0 = (__lane >> 2);
    unsigned __cit0 = ((__lane & 3u) << 1);
    unsigned __idx0 = (i_164 + __rit0) * 512 + (i_163 + __cit0);
    ((float *) ((char *) ul_2 + 16u))[__idx0] = ul_67[0];
    unsigned __rit1 = (__lane >> 2);
    unsigned __cit1 = ((__lane & 3u) << 1) + 1u;
    unsigned __idx1 = (i_164 + __rit1) * 512 + (i_163 + __cit1);
    ((float *) ((char *) ul_2 + 16u))[__idx1] = ul_67[1];
    unsigned __rit2 = (__lane >> 2) + 8u;
    unsigned __cit2 = ((__lane & 3u) << 1);
    unsigned __idx2 = (i_164 + __rit2) * 512 + (i_163 + __cit2);
    ((float *) ((char *) ul_2 + 16u))[__idx2] = ul_67[2];
    unsigned __rit3 = (__lane >> 2) + 8u;
    unsigned __cit3 = ((__lane & 3u) << 1) + 1u;
    unsigned __idx3 = (i_164 + __rit3) * 512 + (i_163 + __cit3);
    ((float *) ((char *) ul_2 + 16u))[__idx3] = ul_67[3];
  }
  return;
}  //  kernel

Validating...
  [baseline] validation PASSED (max rel err 0.0000, 0/262144 cells out of tol 0.020)
  [mma (B=KN)] validation PASSED (max rel err 0.0000, 0/262144 cells out of tol 0.020)
  [mma+cp.async] validation PASSED (max rel err 0.0000, 0/262144 cells out of tol 0.020)
  [mma bf16] validation PASSED (max rel err 0.0627, 0/262144 cells out of tol 0.088)
  [mma (B=NK)] validation PASSED (max rel err 0.0000, 0/262144 cells out of tol 0.020)
  [mma+swizzle] validation PASSED (max rel err 0.0000, 0/262144 cells out of tol 0.020)
Benchmarking...

Performance Results:
====================
Baseline fp16 (tiled, no MMA):
  Avg: 0.183 ms  Min: 0.166 ms  Max: 0.339 ms  Perf: 1469.8 GFLOP/s
MMA fp16 (B=KN row-major):
  Avg: 0.184 ms  Min: 0.154 ms  Max: 0.416 ms  Perf: 1460.5 GFLOP/s
MMA fp16 (cp.async, B=KN):
  Avg: 0.148 ms  Min: 0.130 ms  Max: 0.222 ms  Perf: 1814.3 GFLOP/s
MMA bf16 (B=KN row-major):
  Avg: 0.174 ms  Min: 0.157 ms  Max: 0.227 ms  Perf: 1542.2 GFLOP/s
MMA fp16 (B=NK row-major):
  Avg: 0.173 ms  Min: 0.157 ms  Max: 0.212 ms  Perf: 1550.2 GFLOP/s
MMA fp16 (swizzled, B=KN):
  Avg: 0.193 ms  Min: 0.173 ms  Max: 0.301 ms  Perf: 1393.9 GFLOP/s

Speedups:
  MMA(KN) vs baseline:          0.99x
  MMA(NK) vs baseline:          1.05x
  MMA+cp.async vs MMA(KN):      1.24x  (async tile loads)
  MMA bf16 vs MMA fp16 (KN):    1.06x
  MMA(NK) vs MMA(KN):           1.06x  (cost of NK layout)
  MMA+swizzle vs baseline:      0.95x
